Faculty,Department,Rank,Year,Total,Foreign,Foreign %
ETH OVERALL,,Full Prof,2006,307.8,193.5,62.9
ETH OVERALL,,Full Prof,2007,309.3,200.4,64.8
ETH OVERALL,,Full Prof,2008,312.5,204.4,65.4
ETH OVERALL,,Full Prof,2009,322.3,214.3,66.5
ETH OVERALL,,Full Prof,2010,342.5,229.5,67.0
ETH OVERALL,,Full Prof,2011,349.0,243.5,69.8
ETH OVERALL,,Full Prof,2012,361.4,247.1,68.4
ETH OVERALL,,Full Prof,2013,383.9,259.7,67.6
ETH OVERALL,,Full Prof,2014,382.2,257.3,67.3
ETH OVERALL,,Full Prof,2015,386.9,260.8,67.4
ETH OVERALL,,Full Prof,2016,386.5,258.0,66.8
ETH OVERALL,,Full Prof,2017,403.4,266.9,66.2
ETH OVERALL,,Full Prof,2018,397.4,256.9,64.6
ETH OVERALL,,Full Prof,2019,398.5,255.9,64.2
ETH OVERALL,,Full Prof,2020,407.7,263.4,64.6
ETH OVERALL,,Full Prof,2021,410.4,264.1,64.4
ETH OVERALL,,Full Prof,2022,410.1,264.3,64.4
ETH OVERALL,,Full Prof,2023,411.3,260.3,63.3
ETH OVERALL,,Full Prof,2024,417.3,258.3,61.9
ETH OVERALL,,Full Prof,2025,411.1,253.9,61.8
ETH OVERALL,,Assistant Prof,2006,49.7,25.7,51.7
ETH OVERALL,,Assistant Prof,2007,54.3,28.3,52.1
ETH OVERALL,,Assistant Prof,2008,54.1,32.1,59.3
ETH OVERALL,,Assistant Prof,2009,61.2,38.2,62.4
ETH OVERALL,,Assistant Prof,2010,64.5,43.7,67.8
ETH OVERALL,,Assistant Prof,2011,74.4,57.3,77.0
ETH OVERALL,,Assistant Prof,2012,80.1,61.3,76.5
ETH OVERALL,,Assistant Prof,2013,77.3,62.0,80.2
ETH OVERALL,,Assistant Prof,2014,75.6,58.3,77.1
ETH OVERALL,,Assistant Prof,2015,80.5,65.0,80.7
ETH OVERALL,,Assistant Prof,2016,90.0,71.0,78.9
ETH OVERALL,,Assistant Prof,2017,92.5,71.3,77.1
ETH OVERALL,,Assistant Prof,2018,89.9,71.7,79.8
ETH OVERALL,,Assistant Prof,2019,101.3,78.3,77.3
ETH OVERALL,,Assistant Prof,2020,109.9,86.7,78.9
ETH OVERALL,,Assistant Prof,2021,108.4,90.0,83.0
ETH OVERALL,,Assistant Prof,2022,106.4,87.2,82.0
ETH OVERALL,,Assistant Prof,2023,102.1,85.9,84.1
ETH OVERALL,,Assistant Prof,2024,103.7,84.6,81.6
ETH OVERALL,,Assistant Prof,2025,97.8,79.6,81.4
Architektur und Bauwissenschaften,Architektur,Full Prof,2006,25.8,10.8,41.9
Architektur und Bauwissenschaften,Architektur,Full Prof,2007,24.8,11.8,47.6
Architektur und Bauwissenschaften,Architektur,Full Prof,2008,26.3,12.8,48.7
Architektur und Bauwissenschaften,Architektur,Full Prof,2009,26.3,12.8,48.7
Architektur und Bauwissenschaften,Architektur,Full Prof,2010,27.0,13.3,49.3
Architektur und Bauwissenschaften,Architektur,Full Prof,2011,29.5,13.8,46.8
Architektur und Bauwissenschaften,Architektur,Full Prof,2012,30.0,13.3,44.3
Architektur und Bauwissenschaften,Architektur,Full Prof,2013,30.0,13.3,44.3
Architektur und Bauwissenschaften,Architektur,Full Prof,2014,30.1,14.5,48.2
Architektur und Bauwissenschaften,Architektur,Full Prof,2015,28.4,14.5,51.1
Architektur und Bauwissenschaften,Architektur,Full Prof,2016,27.4,13.5,49.3
Architektur und Bauwissenschaften,Architektur,Full Prof,2017,30.9,17.0,55.0
Architektur und Bauwissenschaften,Architektur,Full Prof,2018,31.9,16.0,50.2
Architektur und Bauwissenschaften,Architektur,Full Prof,2019,31.7,17.2,54.3
Architektur und Bauwissenschaften,Architektur,Full Prof,2020,33.0,17.5,53.0
Architektur und Bauwissenschaften,Architektur,Full Prof,2021,33.5,17.5,52.2
Architektur und Bauwissenschaften,Architektur,Full Prof,2022,32.1,16.2,50.5
Architektur und Bauwissenschaften,Architektur,Full Prof,2023,30.8,16.8,54.5
Architektur und Bauwissenschaften,Architektur,Full Prof,2024,33.0,17.6,53.3
Architektur und Bauwissenschaften,Architektur,Full Prof,2025,32.0,17.6,55.0
Architektur und Bauwissenschaften,Architektur,Assistant Prof,2006,3.2,,
Architektur und Bauwissenschaften,Architektur,Assistant Prof,2007,3.2,,
Architektur und Bauwissenschaften,Architektur,Assistant Prof,2008,2.2,,
Architektur und Bauwissenschaften,Architektur,Assistant Prof,2009,4.2,1.0,23.8
Architektur und Bauwissenschaften,Architektur,Assistant Prof,2010,5.0,3.0,60.0
Architektur und Bauwissenschaften,Architektur,Assistant Prof,2011,5.0,4.0,80.0
Architektur und Bauwissenschaften,Architektur,Assistant Prof,2012,7.0,6.0,85.7
Architektur und Bauwissenschaften,Architektur,Assistant Prof,2013,7.0,6.0,85.7
Architektur und Bauwissenschaften,Architektur,Assistant Prof,2014,4.0,3.0,75.0
Architektur und Bauwissenschaften,Architektur,Assistant Prof,2015,4.0,3.0,75.0
Architektur und Bauwissenschaften,Architektur,Assistant Prof,2016,4.0,4.0,100.0
Architektur und Bauwissenschaften,Architektur,Assistant Prof,2017,3.0,3.0,100.0
Architektur und Bauwissenschaften,Architektur,Assistant Prof,2018,2.0,2.0,100.0
Architektur und Bauwissenschaften,Architektur,Assistant Prof,2019,2.0,2.0,100.0
Architektur und Bauwissenschaften,Architektur,Assistant Prof,2020,1.0,1.0,100.0
Architektur und Bauwissenschaften,Architektur,Assistant Prof,2021,,,
Architektur und Bauwissenschaften,Architektur,Assistant Prof,2022,,,
Architektur und Bauwissenschaften,Architektur,Assistant Prof,2023,,,
Architektur und Bauwissenschaften,Architektur,Assistant Prof,2024,,,
Architektur und Bauwissenschaften,Architektur,Assistant Prof,2025,,,
Architektur und Bauwissenschaften,"Bau,Umw.u.Geomatik",Full Prof,2006,25.0,15.0,60.0
Architektur und Bauwissenschaften,"Bau,Umw.u.Geomatik",Full Prof,2007,25.0,15.0,60.0
Architektur und Bauwissenschaften,"Bau,Umw.u.Geomatik",Full Prof,2008,22.6,14.0,61.9
Architektur und Bauwissenschaften,"Bau,Umw.u.Geomatik",Full Prof,2009,24.0,14.0,58.3
Architektur und Bauwissenschaften,"Bau,Umw.u.Geomatik",Full Prof,2010,25.8,14.0,54.3
Architektur und Bauwissenschaften,"Bau,Umw.u.Geomatik",Full Prof,2011,26.8,17.0,63.4
Architektur und Bauwissenschaften,"Bau,Umw.u.Geomatik",Full Prof,2012,30.8,20.0,64.9
Architektur und Bauwissenschaften,"Bau,Umw.u.Geomatik",Full Prof,2013,29.8,18.0,60.4
Architektur und Bauwissenschaften,"Bau,Umw.u.Geomatik",Full Prof,2014,27.8,16.0,57.6
Architektur und Bauwissenschaften,"Bau,Umw.u.Geomatik",Full Prof,2015,27.8,16.0,57.6
Architektur und Bauwissenschaften,"Bau,Umw.u.Geomatik",Full Prof,2016,28.8,18.0,62.5
Architektur und Bauwissenschaften,"Bau,Umw.u.Geomatik",Full Prof,2017,29.8,18.0,60.4
Architektur und Bauwissenschaften,"Bau,Umw.u.Geomatik",Full Prof,2018,28.4,17.6,62.0
Architektur und Bauwissenschaften,"Bau,Umw.u.Geomatik",Full Prof,2019,27.4,16.6,60.6
Architektur und Bauwissenschaften,"Bau,Umw.u.Geomatik",Full Prof,2020,27.4,16.6,60.6
Architektur und Bauwissenschaften,"Bau,Umw.u.Geomatik",Full Prof,2021,26.4,16.5,62.5
Architektur und Bauwissenschaften,"Bau,Umw.u.Geomatik",Full Prof,2022,25.6,16.0,62.5
Architektur und Bauwissenschaften,"Bau,Umw.u.Geomatik",Full Prof,2023,28.2,17.6,62.4
Architektur und Bauwissenschaften,"Bau,Umw.u.Geomatik",Full Prof,2024,30.4,18.6,61.2
Architektur und Bauwissenschaften,"Bau,Umw.u.Geomatik",Full Prof,2025,30.4,18.6,61.2
Architektur und Bauwissenschaften,"Bau,Umw.u.Geomatik",Assistant Prof,2006,2.7,1.7,63.0
Architektur und Bauwissenschaften,"Bau,Umw.u.Geomatik",Assistant Prof,2007,2.0,1.0,50.0
Architektur und Bauwissenschaften,"Bau,Umw.u.Geomatik",Assistant Prof,2008,2.0,1.0,50.0
Architektur und Bauwissenschaften,"Bau,Umw.u.Geomatik",Assistant Prof,2009,2.0,1.0,50.0
Architektur und Bauwissenschaften,"Bau,Umw.u.Geomatik",Assistant Prof,2010,4.0,4.0,100.0
Architektur und Bauwissenschaften,"Bau,Umw.u.Geomatik",Assistant Prof,2011,4.0,4.0,100.0
Architektur und Bauwissenschaften,"Bau,Umw.u.Geomatik",Assistant Prof,2012,3.0,3.0,100.0
Architektur und Bauwissenschaften,"Bau,Umw.u.Geomatik",Assistant Prof,2013,4.0,4.0,100.0
Architektur und Bauwissenschaften,"Bau,Umw.u.Geomatik",Assistant Prof,2014,3.3,3.3,100.0
Architektur und Bauwissenschaften,"Bau,Umw.u.Geomatik",Assistant Prof,2015,4.0,4.0,100.0
Architektur und Bauwissenschaften,"Bau,Umw.u.Geomatik",Assistant Prof,2016,4.0,3.0,75.0
Architektur und Bauwissenschaften,"Bau,Umw.u.Geomatik",Assistant Prof,2017,5.0,3.0,60.0
Architektur und Bauwissenschaften,"Bau,Umw.u.Geomatik",Assistant Prof,2018,7.0,5.0,71.4
Architektur und Bauwissenschaften,"Bau,Umw.u.Geomatik",Assistant Prof,2019,9.0,5.0,55.6
Architektur und Bauwissenschaften,"Bau,Umw.u.Geomatik",Assistant Prof,2020,10.0,6.0,60.0
Architektur und Bauwissenschaften,"Bau,Umw.u.Geomatik",Assistant Prof,2021,10.0,6.0,60.0
Architektur und Bauwissenschaften,"Bau,Umw.u.Geomatik",Assistant Prof,2022,8.0,4.0,50.0
Architektur und Bauwissenschaften,"Bau,Umw.u.Geomatik",Assistant Prof,2023,6.0,3.0,50.0
Architektur und Bauwissenschaften,"Bau,Umw.u.Geomatik",Assistant Prof,2024,5.0,3.0,60.0
Architektur und Bauwissenschaften,"Bau,Umw.u.Geomatik",Assistant Prof,2025,3.0,2.0,66.7
Ingenieurwissenschaften,Masch.u.Verf.tech.,Full Prof,2006,26.0,14.0,53.8
Ingenieurwissenschaften,Masch.u.Verf.tech.,Full Prof,2007,26.0,16.0,61.5
Ingenieurwissenschaften,Masch.u.Verf.tech.,Full Prof,2008,26.0,16.0,61.5
Ingenieurwissenschaften,Masch.u.Verf.tech.,Full Prof,2009,26.0,16.0,61.5
Ingenieurwissenschaften,Masch.u.Verf.tech.,Full Prof,2010,26.0,15.0,57.7
Ingenieurwissenschaften,Masch.u.Verf.tech.,Full Prof,2011,26.0,16.0,61.5
Ingenieurwissenschaften,Masch.u.Verf.tech.,Full Prof,2012,27.0,17.0,63.0
Ingenieurwissenschaften,Masch.u.Verf.tech.,Full Prof,2013,28.0,18.0,64.3
Ingenieurwissenschaften,Masch.u.Verf.tech.,Full Prof,2014,27.0,17.0,63.0
Ingenieurwissenschaften,Masch.u.Verf.tech.,Full Prof,2015,29.0,18.0,62.1
Ingenieurwissenschaften,Masch.u.Verf.tech.,Full Prof,2016,28.6,16.6,58.0
Ingenieurwissenschaften,Masch.u.Verf.tech.,Full Prof,2017,29.8,17.8,59.7
Ingenieurwissenschaften,Masch.u.Verf.tech.,Full Prof,2018,29.4,16.4,55.8
Ingenieurwissenschaften,Masch.u.Verf.tech.,Full Prof,2019,28.4,15.4,54.2
Ingenieurwissenschaften,Masch.u.Verf.tech.,Full Prof,2020,33.3,20.9,62.8
Ingenieurwissenschaften,Masch.u.Verf.tech.,Full Prof,2021,34.4,23.0,66.9
Ingenieurwissenschaften,Masch.u.Verf.tech.,Full Prof,2022,33.8,24.0,71.0
Ingenieurwissenschaften,Masch.u.Verf.tech.,Full Prof,2023,33.4,24.0,71.9
Ingenieurwissenschaften,Masch.u.Verf.tech.,Full Prof,2024,31.5,23.0,73.0
Ingenieurwissenschaften,Masch.u.Verf.tech.,Full Prof,2025,29.8,21.5,72.1
Ingenieurwissenschaften,Masch.u.Verf.tech.,Assistant Prof,2006,0.0,,
Ingenieurwissenschaften,Masch.u.Verf.tech.,Assistant Prof,2007,,,
Ingenieurwissenschaften,Masch.u.Verf.tech.,Assistant Prof,2008,,,
Ingenieurwissenschaften,Masch.u.Verf.tech.,Assistant Prof,2009,2.0,2.0,100.0
Ingenieurwissenschaften,Masch.u.Verf.tech.,Assistant Prof,2010,3.0,3.0,100.0
Ingenieurwissenschaften,Masch.u.Verf.tech.,Assistant Prof,2011,3.0,3.0,100.0
Ingenieurwissenschaften,Masch.u.Verf.tech.,Assistant Prof,2012,4.0,3.0,75.0
Ingenieurwissenschaften,Masch.u.Verf.tech.,Assistant Prof,2013,5.0,4.0,80.0
Ingenieurwissenschaften,Masch.u.Verf.tech.,Assistant Prof,2014,5.3,4.3,81.1
Ingenieurwissenschaften,Masch.u.Verf.tech.,Assistant Prof,2015,7.0,5.0,71.4
Ingenieurwissenschaften,Masch.u.Verf.tech.,Assistant Prof,2016,7.0,5.0,71.4
Ingenieurwissenschaften,Masch.u.Verf.tech.,Assistant Prof,2017,7.2,6.0,83.3
Ingenieurwissenschaften,Masch.u.Verf.tech.,Assistant Prof,2018,5.2,4.2,80.8
Ingenieurwissenschaften,Masch.u.Verf.tech.,Assistant Prof,2019,8.0,6.0,75.0
Ingenieurwissenschaften,Masch.u.Verf.tech.,Assistant Prof,2020,10.0,8.0,80.0
Ingenieurwissenschaften,Masch.u.Verf.tech.,Assistant Prof,2021,9.0,8.0,88.9
Ingenieurwissenschaften,Masch.u.Verf.tech.,Assistant Prof,2022,7.8,6.8,87.2
Ingenieurwissenschaften,Masch.u.Verf.tech.,Assistant Prof,2023,5.1,5.1,100.0
Ingenieurwissenschaften,Masch.u.Verf.tech.,Assistant Prof,2024,4.8,4.8,100.0
Ingenieurwissenschaften,Masch.u.Verf.tech.,Assistant Prof,2025,4.8,4.8,100.0
Ingenieurwissenschaften,Inf.techno.u.Elek.,Full Prof,2006,21.2,16.5,77.8
Ingenieurwissenschaften,Inf.techno.u.Elek.,Full Prof,2007,20.5,15.5,75.6
Ingenieurwissenschaften,Inf.techno.u.Elek.,Full Prof,2008,21.5,16.5,76.7
Ingenieurwissenschaften,Inf.techno.u.Elek.,Full Prof,2009,21.5,16.5,76.7
Ingenieurwissenschaften,Inf.techno.u.Elek.,Full Prof,2010,21.7,14.7,67.7
Ingenieurwissenschaften,Inf.techno.u.Elek.,Full Prof,2011,18.7,14.7,78.6
Ingenieurwissenschaften,Inf.techno.u.Elek.,Full Prof,2012,19.7,14.7,74.6
Ingenieurwissenschaften,Inf.techno.u.Elek.,Full Prof,2013,22.2,15.2,68.5
Ingenieurwissenschaften,Inf.techno.u.Elek.,Full Prof,2014,25.5,17.5,68.6
Ingenieurwissenschaften,Inf.techno.u.Elek.,Full Prof,2015,28.7,20.7,72.1
Ingenieurwissenschaften,Inf.techno.u.Elek.,Full Prof,2016,27.7,19.7,71.1
Ingenieurwissenschaften,Inf.techno.u.Elek.,Full Prof,2017,27.6,18.6,67.4
Ingenieurwissenschaften,Inf.techno.u.Elek.,Full Prof,2018,26.4,17.4,65.9
Ingenieurwissenschaften,Inf.techno.u.Elek.,Full Prof,2019,27.4,18.4,67.2
Ingenieurwissenschaften,Inf.techno.u.Elek.,Full Prof,2020,29.6,17.6,59.5
Ingenieurwissenschaften,Inf.techno.u.Elek.,Full Prof,2021,29.1,17.1,58.8
Ingenieurwissenschaften,Inf.techno.u.Elek.,Full Prof,2022,28.6,16.6,58.0
Ingenieurwissenschaften,Inf.techno.u.Elek.,Full Prof,2023,27.6,15.6,56.5
Ingenieurwissenschaften,Inf.techno.u.Elek.,Full Prof,2024,27.9,14.9,53.4
Ingenieurwissenschaften,Inf.techno.u.Elek.,Full Prof,2025,27.1,14.9,55.0
Ingenieurwissenschaften,Inf.techno.u.Elek.,Assistant Prof,2006,3.0,3.0,100.0
Ingenieurwissenschaften,Inf.techno.u.Elek.,Assistant Prof,2007,2.3,2.3,100.0
Ingenieurwissenschaften,Inf.techno.u.Elek.,Assistant Prof,2008,3.3,1.3,39.4
Ingenieurwissenschaften,Inf.techno.u.Elek.,Assistant Prof,2009,4.0,2.0,50.0
Ingenieurwissenschaften,Inf.techno.u.Elek.,Assistant Prof,2010,5.0,3.0,60.0
Ingenieurwissenschaften,Inf.techno.u.Elek.,Assistant Prof,2011,5.3,3.0,56.6
Ingenieurwissenschaften,Inf.techno.u.Elek.,Assistant Prof,2012,5.0,3.0,60.0
Ingenieurwissenschaften,Inf.techno.u.Elek.,Assistant Prof,2013,3.5,3.0,85.7
Ingenieurwissenschaften,Inf.techno.u.Elek.,Assistant Prof,2014,5.0,2.5,50.0
Ingenieurwissenschaften,Inf.techno.u.Elek.,Assistant Prof,2015,4.0,4.0,100.0
Ingenieurwissenschaften,Inf.techno.u.Elek.,Assistant Prof,2016,6.0,6.0,100.0
Ingenieurwissenschaften,Inf.techno.u.Elek.,Assistant Prof,2017,6.0,6.0,100.0
Ingenieurwissenschaften,Inf.techno.u.Elek.,Assistant Prof,2018,7.0,7.0,100.0
Ingenieurwissenschaften,Inf.techno.u.Elek.,Assistant Prof,2019,6.0,5.0,83.3
Ingenieurwissenschaften,Inf.techno.u.Elek.,Assistant Prof,2020,6.4,6.2,96.9
Ingenieurwissenschaften,Inf.techno.u.Elek.,Assistant Prof,2021,6.2,6.0,96.8
Ingenieurwissenschaften,Inf.techno.u.Elek.,Assistant Prof,2022,7.0,6.0,85.7
Ingenieurwissenschaften,Inf.techno.u.Elek.,Assistant Prof,2023,7.0,6.0,85.7
Ingenieurwissenschaften,Inf.techno.u.Elek.,Assistant Prof,2024,7.0,5.0,71.4
Ingenieurwissenschaften,Inf.techno.u.Elek.,Assistant Prof,2025,7.0,6.0,85.7
Ingenieurwissenschaften,Informatik,Full Prof,2006,17.0,14.0,82.4
Ingenieurwissenschaften,Informatik,Full Prof,2007,18.8,15.8,84.0
Ingenieurwissenschaften,Informatik,Full Prof,2008,19.8,15.8,79.8
Ingenieurwissenschaften,Informatik,Full Prof,2009,18.9,16.0,84.7
Ingenieurwissenschaften,Informatik,Full Prof,2010,19.8,15.9,80.3
Ingenieurwissenschaften,Informatik,Full Prof,2011,20.8,17.9,86.1
Ingenieurwissenschaften,Informatik,Full Prof,2012,21.9,18.0,82.2
Ingenieurwissenschaften,Informatik,Full Prof,2013,21.9,17.0,77.6
Ingenieurwissenschaften,Informatik,Full Prof,2014,20.0,16.1,80.5
Ingenieurwissenschaften,Informatik,Full Prof,2015,22.0,18.1,82.3
Ingenieurwissenschaften,Informatik,Full Prof,2016,21.1,17.2,81.5
Ingenieurwissenschaften,Informatik,Full Prof,2017,23.0,18.1,78.7
Ingenieurwissenschaften,Informatik,Full Prof,2018,23.6,16.7,70.8
Ingenieurwissenschaften,Informatik,Full Prof,2019,23.4,17.5,74.8
Ingenieurwissenschaften,Informatik,Full Prof,2020,23.9,18.0,75.3
Ingenieurwissenschaften,Informatik,Full Prof,2021,23.9,18.0,75.3
Ingenieurwissenschaften,Informatik,Full Prof,2022,25.6,18.7,73.0
Ingenieurwissenschaften,Informatik,Full Prof,2023,26.4,17.5,66.3
Ingenieurwissenschaften,Informatik,Full Prof,2024,23.4,14.5,62.0
Ingenieurwissenschaften,Informatik,Full Prof,2025,24.5,16.6,67.8
Ingenieurwissenschaften,Informatik,Assistant Prof,2006,7.0,5.0,71.4
Ingenieurwissenschaften,Informatik,Assistant Prof,2007,7.0,5.0,71.4
Ingenieurwissenschaften,Informatik,Assistant Prof,2008,5.0,3.0,60.0
Ingenieurwissenschaften,Informatik,Assistant Prof,2009,5.0,2.0,40.0
Ingenieurwissenschaften,Informatik,Assistant Prof,2010,5.0,2.0,40.0
Ingenieurwissenschaften,Informatik,Assistant Prof,2011,5.0,3.0,60.0
Ingenieurwissenschaften,Informatik,Assistant Prof,2012,6.0,5.0,83.3
Ingenieurwissenschaften,Informatik,Assistant Prof,2013,6.0,5.0,83.3
Ingenieurwissenschaften,Informatik,Assistant Prof,2014,6.0,5.0,83.3
Ingenieurwissenschaften,Informatik,Assistant Prof,2015,4.0,3.0,75.0
Ingenieurwissenschaften,Informatik,Assistant Prof,2016,6.0,6.0,100.0
Ingenieurwissenschaften,Informatik,Assistant Prof,2017,6.0,6.0,100.0
Ingenieurwissenschaften,Informatik,Assistant Prof,2018,5.0,5.0,100.0
Ingenieurwissenschaften,Informatik,Assistant Prof,2019,9.0,9.0,100.0
Ingenieurwissenschaften,Informatik,Assistant Prof,2020,15.0,15.0,100.0
Ingenieurwissenschaften,Informatik,Assistant Prof,2021,15.0,15.0,100.0
Ingenieurwissenschaften,Informatik,Assistant Prof,2022,15.0,14.0,93.3
Ingenieurwissenschaften,Informatik,Assistant Prof,2023,15.0,14.0,93.3
Ingenieurwissenschaften,Informatik,Assistant Prof,2024,17.0,16.0,94.1
Ingenieurwissenschaften,Informatik,Assistant Prof,2025,15.0,14.0,93.3
Ingenieurwissenschaften,Materialwiss.,Full Prof,2006,7.0,6.0,85.7
Ingenieurwissenschaften,Materialwiss.,Full Prof,2007,8.0,7.0,87.5
Ingenieurwissenschaften,Materialwiss.,Full Prof,2008,7.0,7.0,100.0
Ingenieurwissenschaften,Materialwiss.,Full Prof,2009,7.0,6.0,85.7
Ingenieurwissenschaften,Materialwiss.,Full Prof,2010,9.0,8.0,88.9
Ingenieurwissenschaften,Materialwiss.,Full Prof,2011,10.0,9.0,90.0
Ingenieurwissenschaften,Materialwiss.,Full Prof,2012,10.0,8.0,80.0
Ingenieurwissenschaften,Materialwiss.,Full Prof,2013,12.0,10.0,83.3
Ingenieurwissenschaften,Materialwiss.,Full Prof,2014,14.0,12.0,85.7
Ingenieurwissenschaften,Materialwiss.,Full Prof,2015,14.0,11.0,78.6
Ingenieurwissenschaften,Materialwiss.,Full Prof,2016,13.0,11.0,84.6
Ingenieurwissenschaften,Materialwiss.,Full Prof,2017,13.0,10.0,76.9
Ingenieurwissenschaften,Materialwiss.,Full Prof,2018,12.0,9.0,75.0
Ingenieurwissenschaften,Materialwiss.,Full Prof,2019,13.0,10.0,76.9
Ingenieurwissenschaften,Materialwiss.,Full Prof,2020,12.0,9.0,75.0
Ingenieurwissenschaften,Materialwiss.,Full Prof,2021,12.0,9.0,75.0
Ingenieurwissenschaften,Materialwiss.,Full Prof,2022,12.6,10.0,79.4
Ingenieurwissenschaften,Materialwiss.,Full Prof,2023,10.8,9.0,83.3
Ingenieurwissenschaften,Materialwiss.,Full Prof,2024,10.8,9.0,83.3
Ingenieurwissenschaften,Materialwiss.,Full Prof,2025,11.8,9.0,76.3
Ingenieurwissenschaften,Materialwiss.,Assistant Prof,2006,2.0,2.0,100.0
Ingenieurwissenschaften,Materialwiss.,Assistant Prof,2007,2.0,1.0,50.0
Ingenieurwissenschaften,Materialwiss.,Assistant Prof,2008,2.0,1.0,50.0
Ingenieurwissenschaften,Materialwiss.,Assistant Prof,2009,3.0,2.0,66.7
Ingenieurwissenschaften,Materialwiss.,Assistant Prof,2010,2.0,1.0,50.0
Ingenieurwissenschaften,Materialwiss.,Assistant Prof,2011,3.0,2.0,66.7
Ingenieurwissenschaften,Materialwiss.,Assistant Prof,2012,3.0,3.0,100.0
Ingenieurwissenschaften,Materialwiss.,Assistant Prof,2013,4.0,4.0,100.0
Ingenieurwissenschaften,Materialwiss.,Assistant Prof,2014,3.0,3.0,100.0
Ingenieurwissenschaften,Materialwiss.,Assistant Prof,2015,3.0,3.0,100.0
Ingenieurwissenschaften,Materialwiss.,Assistant Prof,2016,2.0,2.0,100.0
Ingenieurwissenschaften,Materialwiss.,Assistant Prof,2017,1.3,1.3,100.0
Ingenieurwissenschaften,Materialwiss.,Assistant Prof,2018,1.3,1.3,100.0
Ingenieurwissenschaften,Materialwiss.,Assistant Prof,2019,1.3,1.3,100.0
Ingenieurwissenschaften,Materialwiss.,Assistant Prof,2020,1.0,1.0,100.0
Ingenieurwissenschaften,Materialwiss.,Assistant Prof,2021,1.0,1.0,100.0
Ingenieurwissenschaften,Materialwiss.,Assistant Prof,2022,2.0,2.0,100.0
Ingenieurwissenschaften,Materialwiss.,Assistant Prof,2023,3.0,3.0,100.0
Ingenieurwissenschaften,Materialwiss.,Assistant Prof,2024,3.0,3.0,100.0
Ingenieurwissenschaften,Materialwiss.,Assistant Prof,2025,2.0,2.0,100.0
Ingenieurwissenschaften,Biosysteme,Full Prof,2006,4.0,2.0,50.0
Ingenieurwissenschaften,Biosysteme,Full Prof,2007,5.0,3.0,60.0
Ingenieurwissenschaften,Biosysteme,Full Prof,2008,5.0,3.0,60.0
Ingenieurwissenschaften,Biosysteme,Full Prof,2009,5.0,3.0,60.0
Ingenieurwissenschaften,Biosysteme,Full Prof,2010,7.0,5.0,71.4
Ingenieurwissenschaften,Biosysteme,Full Prof,2011,8.0,6.0,75.0
Ingenieurwissenschaften,Biosysteme,Full Prof,2012,8.0,6.0,75.0
Ingenieurwissenschaften,Biosysteme,Full Prof,2013,10.0,8.0,80.0
Ingenieurwissenschaften,Biosysteme,Full Prof,2014,13.0,11.0,84.6
Ingenieurwissenschaften,Biosysteme,Full Prof,2015,14.0,12.0,85.7
Ingenieurwissenschaften,Biosysteme,Full Prof,2016,14.0,12.0,85.7
Ingenieurwissenschaften,Biosysteme,Full Prof,2017,15.0,13.0,86.7
Ingenieurwissenschaften,Biosysteme,Full Prof,2018,16.0,14.0,87.5
Ingenieurwissenschaften,Biosysteme,Full Prof,2019,17.0,15.0,88.2
Ingenieurwissenschaften,Biosysteme,Full Prof,2020,16.0,15.0,93.8
Ingenieurwissenschaften,Biosysteme,Full Prof,2021,17.0,14.0,82.4
Ingenieurwissenschaften,Biosysteme,Full Prof,2022,17.0,14.0,82.4
Ingenieurwissenschaften,Biosysteme,Full Prof,2023,15.2,9.2,60.5
Ingenieurwissenschaften,Biosysteme,Full Prof,2024,15.8,9.8,62.0
Ingenieurwissenschaften,Biosysteme,Full Prof,2025,15.8,8.8,55.7
Ingenieurwissenschaften,Biosysteme,Assistant Prof,2006,2.0,2.0,100.0
Ingenieurwissenschaften,Biosysteme,Assistant Prof,2007,2.0,2.0,100.0
Ingenieurwissenschaften,Biosysteme,Assistant Prof,2008,3.0,3.0,100.0
Ingenieurwissenschaften,Biosysteme,Assistant Prof,2009,3.0,3.0,100.0
Ingenieurwissenschaften,Biosysteme,Assistant Prof,2010,4.0,4.0,100.0
Ingenieurwissenschaften,Biosysteme,Assistant Prof,2011,6.0,6.0,100.0
Ingenieurwissenschaften,Biosysteme,Assistant Prof,2012,7.0,7.0,100.0
Ingenieurwissenschaften,Biosysteme,Assistant Prof,2013,6.0,6.0,100.0
Ingenieurwissenschaften,Biosysteme,Assistant Prof,2014,5.0,5.0,100.0
Ingenieurwissenschaften,Biosysteme,Assistant Prof,2015,4.0,4.0,100.0
Ingenieurwissenschaften,Biosysteme,Assistant Prof,2016,4.0,4.0,100.0
Ingenieurwissenschaften,Biosysteme,Assistant Prof,2017,3.0,3.0,100.0
Ingenieurwissenschaften,Biosysteme,Assistant Prof,2018,1.0,1.0,100.0
Ingenieurwissenschaften,Biosysteme,Assistant Prof,2019,1.0,1.0,100.0
Ingenieurwissenschaften,Biosysteme,Assistant Prof,2020,2.0,1.0,50.0
Ingenieurwissenschaften,Biosysteme,Assistant Prof,2021,1.0,0.0,0.0
Ingenieurwissenschaften,Biosysteme,Assistant Prof,2022,1.0,,
Ingenieurwissenschaften,Biosysteme,Assistant Prof,2023,1.0,,
Ingenieurwissenschaften,Biosysteme,Assistant Prof,2024,3.0,,
Ingenieurwissenschaften,Biosysteme,Assistant Prof,2025,4.0,1.0,25.0
Naturwissenschaften und Mathematik,Mathematik,Full Prof,2006,25.5,14.8,58.0
Naturwissenschaften und Mathematik,Mathematik,Full Prof,2007,23.8,14.8,62.2
Naturwissenschaften und Mathematik,Mathematik,Full Prof,2008,23.8,14.8,62.2
Naturwissenschaften und Mathematik,Mathematik,Full Prof,2009,27.8,18.8,67.6
Naturwissenschaften und Mathematik,Mathematik,Full Prof,2010,30.0,20.0,66.7
Naturwissenschaften und Mathematik,Mathematik,Full Prof,2011,28.5,20.5,71.9
Naturwissenschaften und Mathematik,Mathematik,Full Prof,2012,28.5,21.5,75.4
Naturwissenschaften und Mathematik,Mathematik,Full Prof,2013,31.0,23.0,74.2
Naturwissenschaften und Mathematik,Mathematik,Full Prof,2014,30.5,23.5,77.0
Naturwissenschaften und Mathematik,Mathematik,Full Prof,2015,31.3,24.3,77.6
Naturwissenschaften und Mathematik,Mathematik,Full Prof,2016,33.3,25.3,76.0
Naturwissenschaften und Mathematik,Mathematik,Full Prof,2017,32.5,24.5,75.4
Naturwissenschaften und Mathematik,Mathematik,Full Prof,2018,29.5,21.5,72.9
Naturwissenschaften und Mathematik,Mathematik,Full Prof,2019,28.7,20.7,72.1
Naturwissenschaften und Mathematik,Mathematik,Full Prof,2020,31.7,21.7,68.5
Naturwissenschaften und Mathematik,Mathematik,Full Prof,2021,30.9,21.9,70.9
Naturwissenschaften und Mathematik,Mathematik,Full Prof,2022,32.7,22.7,69.4
Naturwissenschaften und Mathematik,Mathematik,Full Prof,2023,33.5,23.5,70.1
Naturwissenschaften und Mathematik,Mathematik,Full Prof,2024,35.1,22.5,64.1
Naturwissenschaften und Mathematik,Mathematik,Full Prof,2025,33.5,22.5,67.2
Naturwissenschaften und Mathematik,Mathematik,Assistant Prof,2006,2.0,1.0,50.0
Naturwissenschaften und Mathematik,Mathematik,Assistant Prof,2007,5.0,4.0,80.0
Naturwissenschaften und Mathematik,Mathematik,Assistant Prof,2008,4.0,3.0,75.0
Naturwissenschaften und Mathematik,Mathematik,Assistant Prof,2009,5.0,4.0,80.0
Naturwissenschaften und Mathematik,Mathematik,Assistant Prof,2010,6.0,5.0,83.3
Naturwissenschaften und Mathematik,Mathematik,Assistant Prof,2011,6.0,6.0,100.0
Naturwissenschaften und Mathematik,Mathematik,Assistant Prof,2012,8.0,8.0,100.0
Naturwissenschaften und Mathematik,Mathematik,Assistant Prof,2013,6.0,6.0,100.0
Naturwissenschaften und Mathematik,Mathematik,Assistant Prof,2014,6.0,6.0,100.0
Naturwissenschaften und Mathematik,Mathematik,Assistant Prof,2015,10.5,10.0,95.2
Naturwissenschaften und Mathematik,Mathematik,Assistant Prof,2016,11.0,8.0,72.7
Naturwissenschaften und Mathematik,Mathematik,Assistant Prof,2017,11.0,8.0,72.7
Naturwissenschaften und Mathematik,Mathematik,Assistant Prof,2018,9.4,7.2,76.6
Naturwissenschaften und Mathematik,Mathematik,Assistant Prof,2019,9.0,6.0,66.7
Naturwissenschaften und Mathematik,Mathematik,Assistant Prof,2020,7.0,5.0,71.4
Naturwissenschaften und Mathematik,Mathematik,Assistant Prof,2021,5.0,4.0,80.0
Naturwissenschaften und Mathematik,Mathematik,Assistant Prof,2022,3.0,2.0,66.7
Naturwissenschaften und Mathematik,Mathematik,Assistant Prof,2023,3.0,2.0,66.7
Naturwissenschaften und Mathematik,Mathematik,Assistant Prof,2024,2.0,2.0,100.0
Naturwissenschaften und Mathematik,Mathematik,Assistant Prof,2025,1.0,1.0,100.0
Naturwissenschaften und Mathematik,Physik,Full Prof,2006,20.0,10.0,50.0
Naturwissenschaften und Mathematik,Physik,Full Prof,2007,20.0,11.0,55.0
Naturwissenschaften und Mathematik,Physik,Full Prof,2008,20.0,11.0,55.0
Naturwissenschaften und Mathematik,Physik,Full Prof,2009,23.2,13.2,56.9
Naturwissenschaften und Mathematik,Physik,Full Prof,2010,26.2,16.2,61.8
Naturwissenschaften und Mathematik,Physik,Full Prof,2011,27.2,18.2,66.9
Naturwissenschaften und Mathematik,Physik,Full Prof,2012,28.2,18.2,64.5
Naturwissenschaften und Mathematik,Physik,Full Prof,2013,28.8,18.8,65.3
Naturwissenschaften und Mathematik,Physik,Full Prof,2014,28.6,17.8,62.2
Naturwissenschaften und Mathematik,Physik,Full Prof,2015,28.3,15.3,54.1
Naturwissenschaften und Mathematik,Physik,Full Prof,2016,26.0,13.0,50.0
Naturwissenschaften und Mathematik,Physik,Full Prof,2017,29.0,14.0,48.3
Naturwissenschaften und Mathematik,Physik,Full Prof,2018,28.5,13.5,47.4
Naturwissenschaften und Mathematik,Physik,Full Prof,2019,29.2,14.2,48.6
Naturwissenschaften und Mathematik,Physik,Full Prof,2020,28.2,14.2,50.4
Naturwissenschaften und Mathematik,Physik,Full Prof,2021,30.0,15.2,50.7
Naturwissenschaften und Mathematik,Physik,Full Prof,2022,28.0,13.2,47.1
Naturwissenschaften und Mathematik,Physik,Full Prof,2023,28.0,13.2,47.1
Naturwissenschaften und Mathematik,Physik,Full Prof,2024,27.0,12.2,45.2
Naturwissenschaften und Mathematik,Physik,Full Prof,2025,29.0,13.2,45.5
Naturwissenschaften und Mathematik,Physik,Assistant Prof,2006,4.0,2.0,50.0
Naturwissenschaften und Mathematik,Physik,Assistant Prof,2007,6.0,3.0,50.0
Naturwissenschaften und Mathematik,Physik,Assistant Prof,2008,6.8,3.8,55.9
Naturwissenschaften und Mathematik,Physik,Assistant Prof,2009,6.0,4.0,66.7
Naturwissenschaften und Mathematik,Physik,Assistant Prof,2010,6.3,4.3,68.3
Naturwissenschaften und Mathematik,Physik,Assistant Prof,2011,8.3,5.3,63.9
Naturwissenschaften und Mathematik,Physik,Assistant Prof,2012,8.3,5.3,63.9
Naturwissenschaften und Mathematik,Physik,Assistant Prof,2013,6.8,3.8,55.9
Naturwissenschaften und Mathematik,Physik,Assistant Prof,2014,5.0,2.0,40.0
Naturwissenschaften und Mathematik,Physik,Assistant Prof,2015,6.0,2.0,33.3
Naturwissenschaften und Mathematik,Physik,Assistant Prof,2016,8.0,4.0,50.0
Naturwissenschaften und Mathematik,Physik,Assistant Prof,2017,5.0,1.0,20.0
Naturwissenschaften und Mathematik,Physik,Assistant Prof,2018,4.0,2.0,50.0
Naturwissenschaften und Mathematik,Physik,Assistant Prof,2019,6.0,4.0,66.7
Naturwissenschaften und Mathematik,Physik,Assistant Prof,2020,6.5,4.5,69.2
Naturwissenschaften und Mathematik,Physik,Assistant Prof,2021,7.0,7.0,100.0
Naturwissenschaften und Mathematik,Physik,Assistant Prof,2022,8.2,8.2,100.0
Naturwissenschaften und Mathematik,Physik,Assistant Prof,2023,10.8,10.0,92.6
Naturwissenschaften und Mathematik,Physik,Assistant Prof,2024,11.9,11.0,92.4
Naturwissenschaften und Mathematik,Physik,Assistant Prof,2025,11.0,10.0,90.9
Naturwissenschaften und Mathematik,Chemie u. Ang.Bio.,Full Prof,2006,30.0,21.0,70.0
Naturwissenschaften und Mathematik,Chemie u. Ang.Bio.,Full Prof,2007,30.0,21.0,70.0
Naturwissenschaften und Mathematik,Chemie u. Ang.Bio.,Full Prof,2008,30.0,21.0,70.0
Naturwissenschaften und Mathematik,Chemie u. Ang.Bio.,Full Prof,2009,30.0,21.0,70.0
Naturwissenschaften und Mathematik,Chemie u. Ang.Bio.,Full Prof,2010,33.0,25.0,75.8
Naturwissenschaften und Mathematik,Chemie u. Ang.Bio.,Full Prof,2011,35.0,26.0,74.3
Naturwissenschaften und Mathematik,Chemie u. Ang.Bio.,Full Prof,2012,33.0,24.0,72.7
Naturwissenschaften und Mathematik,Chemie u. Ang.Bio.,Full Prof,2013,35.0,22.0,62.9
Naturwissenschaften und Mathematik,Chemie u. Ang.Bio.,Full Prof,2014,33.8,19.8,58.6
Naturwissenschaften und Mathematik,Chemie u. Ang.Bio.,Full Prof,2015,32.8,18.8,57.3
Naturwissenschaften und Mathematik,Chemie u. Ang.Bio.,Full Prof,2016,32.8,18.8,57.3
Naturwissenschaften und Mathematik,Chemie u. Ang.Bio.,Full Prof,2017,33.0,20.0,60.6
Naturwissenschaften und Mathematik,Chemie u. Ang.Bio.,Full Prof,2018,32.0,20.0,62.5
Naturwissenschaften und Mathematik,Chemie u. Ang.Bio.,Full Prof,2019,32.5,19.0,58.5
Naturwissenschaften und Mathematik,Chemie u. Ang.Bio.,Full Prof,2020,32.5,19.0,58.5
Naturwissenschaften und Mathematik,Chemie u. Ang.Bio.,Full Prof,2021,31.5,19.0,60.3
Naturwissenschaften und Mathematik,Chemie u. Ang.Bio.,Full Prof,2022,31.5,20.0,63.5
Naturwissenschaften und Mathematik,Chemie u. Ang.Bio.,Full Prof,2023,34.0,22.0,64.7
Naturwissenschaften und Mathematik,Chemie u. Ang.Bio.,Full Prof,2024,35.0,21.0,60.0
Naturwissenschaften und Mathematik,Chemie u. Ang.Bio.,Full Prof,2025,34.0,20.0,58.8
Naturwissenschaften und Mathematik,Chemie u. Ang.Bio.,Assistant Prof,2006,5.0,2.0,40.0
Naturwissenschaften und Mathematik,Chemie u. Ang.Bio.,Assistant Prof,2007,4.0,2.0,50.0
Naturwissenschaften und Mathematik,Chemie u. Ang.Bio.,Assistant Prof,2008,6.0,4.0,66.7
Naturwissenschaften und Mathematik,Chemie u. Ang.Bio.,Assistant Prof,2009,5.0,4.0,80.0
Naturwissenschaften und Mathematik,Chemie u. Ang.Bio.,Assistant Prof,2010,5.0,4.0,80.0
Naturwissenschaften und Mathematik,Chemie u. Ang.Bio.,Assistant Prof,2011,7.0,6.0,85.7
Naturwissenschaften und Mathematik,Chemie u. Ang.Bio.,Assistant Prof,2012,6.0,4.0,66.7
Naturwissenschaften und Mathematik,Chemie u. Ang.Bio.,Assistant Prof,2013,4.0,3.0,75.0
Naturwissenschaften und Mathematik,Chemie u. Ang.Bio.,Assistant Prof,2014,3.0,2.0,66.7
Naturwissenschaften und Mathematik,Chemie u. Ang.Bio.,Assistant Prof,2015,5.0,4.0,80.0
Naturwissenschaften und Mathematik,Chemie u. Ang.Bio.,Assistant Prof,2016,7.0,6.0,85.7
Naturwissenschaften und Mathematik,Chemie u. Ang.Bio.,Assistant Prof,2017,6.0,5.0,83.3
Naturwissenschaften und Mathematik,Chemie u. Ang.Bio.,Assistant Prof,2018,7.0,6.0,85.7
Naturwissenschaften und Mathematik,Chemie u. Ang.Bio.,Assistant Prof,2019,6.0,5.0,83.3
Naturwissenschaften und Mathematik,Chemie u. Ang.Bio.,Assistant Prof,2020,6.0,5.0,83.3
Naturwissenschaften und Mathematik,Chemie u. Ang.Bio.,Assistant Prof,2021,8.0,6.0,75.0
Naturwissenschaften und Mathematik,Chemie u. Ang.Bio.,Assistant Prof,2022,7.0,5.0,71.4
Naturwissenschaften und Mathematik,Chemie u. Ang.Bio.,Assistant Prof,2023,6.0,4.0,66.7
Naturwissenschaften und Mathematik,Chemie u. Ang.Bio.,Assistant Prof,2024,7.0,4.0,57.1
Naturwissenschaften und Mathematik,Chemie u. Ang.Bio.,Assistant Prof,2025,7.0,3.0,42.9
Naturwissenschaften und Mathematik,Biologie,Full Prof,2006,22.8,18.0,78.9
Naturwissenschaften und Mathematik,Biologie,Full Prof,2007,25.8,19.0,73.6
Naturwissenschaften und Mathematik,Biologie,Full Prof,2008,24.6,16.0,65.0
Naturwissenschaften und Mathematik,Biologie,Full Prof,2009,25.0,18.0,72.0
Naturwissenschaften und Mathematik,Biologie,Full Prof,2010,27.4,20.4,74.5
Naturwissenschaften und Mathematik,Biologie,Full Prof,2011,26.4,18.4,69.7
Naturwissenschaften und Mathematik,Biologie,Full Prof,2012,26.4,18.4,69.7
Naturwissenschaften und Mathematik,Biologie,Full Prof,2013,28.4,20.4,71.8
Naturwissenschaften und Mathematik,Biologie,Full Prof,2014,27.0,19.0,70.4
Naturwissenschaften und Mathematik,Biologie,Full Prof,2015,27.0,19.0,70.4
Naturwissenschaften und Mathematik,Biologie,Full Prof,2016,27.0,18.0,66.7
Naturwissenschaften und Mathematik,Biologie,Full Prof,2017,27.5,18.0,65.5
Naturwissenschaften und Mathematik,Biologie,Full Prof,2018,27.5,18.0,65.5
Naturwissenschaften und Mathematik,Biologie,Full Prof,2019,29.5,19.0,64.4
Naturwissenschaften und Mathematik,Biologie,Full Prof,2020,28.9,20.0,69.2
Naturwissenschaften und Mathematik,Biologie,Full Prof,2021,29.5,20.0,67.8
Naturwissenschaften und Mathematik,Biologie,Full Prof,2022,29.0,20.0,69.0
Naturwissenschaften und Mathematik,Biologie,Full Prof,2023,29.0,20.0,69.0
Naturwissenschaften und Mathematik,Biologie,Full Prof,2024,30.0,20.0,66.7
Naturwissenschaften und Mathematik,Biologie,Full Prof,2025,27.0,20.0,74.1
Naturwissenschaften und Mathematik,Biologie,Assistant Prof,2006,12.0,5.0,41.7
Naturwissenschaften und Mathematik,Biologie,Assistant Prof,2007,11.0,5.0,45.5
Naturwissenschaften und Mathematik,Biologie,Assistant Prof,2008,8.0,5.0,62.5
Naturwissenschaften und Mathematik,Biologie,Assistant Prof,2009,8.0,5.0,62.5
Naturwissenschaften und Mathematik,Biologie,Assistant Prof,2010,7.0,3.2,45.7
Naturwissenschaften und Mathematik,Biologie,Assistant Prof,2011,6.8,4.0,58.8
Naturwissenschaften und Mathematik,Biologie,Assistant Prof,2012,4.8,3.0,62.5
Naturwissenschaften und Mathematik,Biologie,Assistant Prof,2013,7.8,5.0,64.1
Naturwissenschaften und Mathematik,Biologie,Assistant Prof,2014,12.8,10.0,78.1
Naturwissenschaften und Mathematik,Biologie,Assistant Prof,2015,13.0,11.0,84.6
Naturwissenschaften und Mathematik,Biologie,Assistant Prof,2016,13.0,11.0,84.6
Naturwissenschaften und Mathematik,Biologie,Assistant Prof,2017,13.0,11.0,84.6
Naturwissenschaften und Mathematik,Biologie,Assistant Prof,2018,13.0,11.0,84.6
Naturwissenschaften und Mathematik,Biologie,Assistant Prof,2019,11.0,10.0,90.9
Naturwissenschaften und Mathematik,Biologie,Assistant Prof,2020,9.0,8.0,88.9
Naturwissenschaften und Mathematik,Biologie,Assistant Prof,2021,9.0,7.0,77.8
Naturwissenschaften und Mathematik,Biologie,Assistant Prof,2022,10.0,7.0,70.0
Naturwissenschaften und Mathematik,Biologie,Assistant Prof,2023,9.0,6.8,75.6
Naturwissenschaften und Mathematik,Biologie,Assistant Prof,2024,7.8,4.8,61.5
Naturwissenschaften und Mathematik,Biologie,Assistant Prof,2025,10.8,6.8,63.0
Systemorientierte Naturwissenschaften,Erd- u Planetenwis,Full Prof,2006,13.0,10.0,76.9
Systemorientierte Naturwissenschaften,Erd- u Planetenwis,Full Prof,2007,13.0,10.0,76.9
Systemorientierte Naturwissenschaften,Erd- u Planetenwis,Full Prof,2008,13.0,10.0,76.9
Systemorientierte Naturwissenschaften,Erd- u Planetenwis,Full Prof,2009,12.0,10.0,83.3
Systemorientierte Naturwissenschaften,Erd- u Planetenwis,Full Prof,2010,12.0,10.0,83.3
Systemorientierte Naturwissenschaften,Erd- u Planetenwis,Full Prof,2011,12.0,10.0,83.3
Systemorientierte Naturwissenschaften,Erd- u Planetenwis,Full Prof,2012,15.0,11.0,73.3
Systemorientierte Naturwissenschaften,Erd- u Planetenwis,Full Prof,2013,16.0,11.0,68.8
Systemorientierte Naturwissenschaften,Erd- u Planetenwis,Full Prof,2014,16.0,11.0,68.8
Systemorientierte Naturwissenschaften,Erd- u Planetenwis,Full Prof,2015,16.1,11.1,68.9
Systemorientierte Naturwissenschaften,Erd- u Planetenwis,Full Prof,2016,15.9,10.9,68.6
Systemorientierte Naturwissenschaften,Erd- u Planetenwis,Full Prof,2017,16.9,11.9,70.4
Systemorientierte Naturwissenschaften,Erd- u Planetenwis,Full Prof,2018,18.1,13.1,72.4
Systemorientierte Naturwissenschaften,Erd- u Planetenwis,Full Prof,2019,17.1,13.1,76.6
Systemorientierte Naturwissenschaften,Erd- u Planetenwis,Full Prof,2020,16.1,12.1,75.2
Systemorientierte Naturwissenschaften,Erd- u Planetenwis,Full Prof,2021,16.1,11.1,68.9
Systemorientierte Naturwissenschaften,Erd- u Planetenwis,Full Prof,2022,15.1,11.1,73.5
Systemorientierte Naturwissenschaften,Erd- u Planetenwis,Full Prof,2023,15.7,10.1,64.3
Systemorientierte Naturwissenschaften,Erd- u Planetenwis,Full Prof,2024,15.7,10.1,64.3
Systemorientierte Naturwissenschaften,Erd- u Planetenwis,Full Prof,2025,14.7,9.1,61.9
Systemorientierte Naturwissenschaften,Erd- u Planetenwis,Assistant Prof,2006,2.0,,
Systemorientierte Naturwissenschaften,Erd- u Planetenwis,Assistant Prof,2007,2.0,1.0,50.0
Systemorientierte Naturwissenschaften,Erd- u Planetenwis,Assistant Prof,2008,1.0,1.0,100.0
Systemorientierte Naturwissenschaften,Erd- u Planetenwis,Assistant Prof,2009,1.0,1.0,100.0
Systemorientierte Naturwissenschaften,Erd- u Planetenwis,Assistant Prof,2010,2.0,2.0,100.0
Systemorientierte Naturwissenschaften,Erd- u Planetenwis,Assistant Prof,2011,2.0,2.0,100.0
Systemorientierte Naturwissenschaften,Erd- u Planetenwis,Assistant Prof,2012,2.0,1.0,50.0
Systemorientierte Naturwissenschaften,Erd- u Planetenwis,Assistant Prof,2013,4.0,3.0,75.0
Systemorientierte Naturwissenschaften,Erd- u Planetenwis,Assistant Prof,2014,3.0,2.0,66.7
Systemorientierte Naturwissenschaften,Erd- u Planetenwis,Assistant Prof,2015,2.0,2.0,100.0
Systemorientierte Naturwissenschaften,Erd- u Planetenwis,Assistant Prof,2016,3.0,2.0,66.7
Systemorientierte Naturwissenschaften,Erd- u Planetenwis,Assistant Prof,2017,3.0,2.0,66.7
Systemorientierte Naturwissenschaften,Erd- u Planetenwis,Assistant Prof,2018,2.0,1.0,50.0
Systemorientierte Naturwissenschaften,Erd- u Planetenwis,Assistant Prof,2019,3.0,2.0,66.7
Systemorientierte Naturwissenschaften,Erd- u Planetenwis,Assistant Prof,2020,3.0,2.0,66.7
Systemorientierte Naturwissenschaften,Erd- u Planetenwis,Assistant Prof,2021,3.0,3.0,100.0
Systemorientierte Naturwissenschaften,Erd- u Planetenwis,Assistant Prof,2022,4.0,4.0,100.0
Systemorientierte Naturwissenschaften,Erd- u Planetenwis,Assistant Prof,2023,6.0,6.0,100.0
Systemorientierte Naturwissenschaften,Erd- u Planetenwis,Assistant Prof,2024,6.0,6.0,100.0
Systemorientierte Naturwissenschaften,Erd- u Planetenwis,Assistant Prof,2025,7.0,7.0,100.0
Systemorientierte Naturwissenschaften,Umweltsystemwiss.,Full Prof,2006,32.0,18.0,56.2
Systemorientierte Naturwissenschaften,Umweltsystemwiss.,Full Prof,2007,30.0,17.0,56.7
Systemorientierte Naturwissenschaften,Umweltsystemwiss.,Full Prof,2008,31.6,18.0,57.0
Systemorientierte Naturwissenschaften,Umweltsystemwiss.,Full Prof,2009,31.3,18.0,57.5
Systemorientierte Naturwissenschaften,Umweltsystemwiss.,Full Prof,2010,31.3,19.0,60.7
Systemorientierte Naturwissenschaften,Umweltsystemwiss.,Full Prof,2011,31.3,20.0,63.9
Systemorientierte Naturwissenschaften,Umweltsystemwiss.,Full Prof,2012,32.6,20.0,61.3
Systemorientierte Naturwissenschaften,Umweltsystemwiss.,Full Prof,2013,36.0,24.0,66.7
Systemorientierte Naturwissenschaften,Umweltsystemwiss.,Full Prof,2014,34.1,22.1,64.8
Systemorientierte Naturwissenschaften,Umweltsystemwiss.,Full Prof,2015,33.0,22.0,66.7
Systemorientierte Naturwissenschaften,Umweltsystemwiss.,Full Prof,2016,33.8,21.0,62.1
Systemorientierte Naturwissenschaften,Umweltsystemwiss.,Full Prof,2017,32.0,19.0,59.4
Systemorientierte Naturwissenschaften,Umweltsystemwiss.,Full Prof,2018,33.0,18.0,54.5
Systemorientierte Naturwissenschaften,Umweltsystemwiss.,Full Prof,2019,32.0,17.0,53.1
Systemorientierte Naturwissenschaften,Umweltsystemwiss.,Full Prof,2020,32.0,18.0,56.2
Systemorientierte Naturwissenschaften,Umweltsystemwiss.,Full Prof,2021,32.0,17.0,53.1
Systemorientierte Naturwissenschaften,Umweltsystemwiss.,Full Prof,2022,33.0,17.0,51.5
Systemorientierte Naturwissenschaften,Umweltsystemwiss.,Full Prof,2023,32.0,15.0,46.9
Systemorientierte Naturwissenschaften,Umweltsystemwiss.,Full Prof,2024,33.0,17.0,51.5
Systemorientierte Naturwissenschaften,Umweltsystemwiss.,Full Prof,2025,33.0,16.0,48.5
Systemorientierte Naturwissenschaften,Umweltsystemwiss.,Assistant Prof,2006,2.8,1.0,35.7
Systemorientierte Naturwissenschaften,Umweltsystemwiss.,Assistant Prof,2007,5.8,1.0,17.2
Systemorientierte Naturwissenschaften,Umweltsystemwiss.,Assistant Prof,2008,4.8,2.0,41.7
Systemorientierte Naturwissenschaften,Umweltsystemwiss.,Assistant Prof,2009,4.0,0.2,5.0
Systemorientierte Naturwissenschaften,Umweltsystemwiss.,Assistant Prof,2010,3.2,0.2,6.2
Systemorientierte Naturwissenschaften,Umweltsystemwiss.,Assistant Prof,2011,6.0,3.0,50.0
Systemorientierte Naturwissenschaften,Umweltsystemwiss.,Assistant Prof,2012,7.0,3.0,42.9
Systemorientierte Naturwissenschaften,Umweltsystemwiss.,Assistant Prof,2013,4.2,2.2,52.4
Systemorientierte Naturwissenschaften,Umweltsystemwiss.,Assistant Prof,2014,5.2,3.2,61.5
Systemorientierte Naturwissenschaften,Umweltsystemwiss.,Assistant Prof,2015,5.0,3.0,60.0
Systemorientierte Naturwissenschaften,Umweltsystemwiss.,Assistant Prof,2016,4.0,3.0,75.0
Systemorientierte Naturwissenschaften,Umweltsystemwiss.,Assistant Prof,2017,10.0,6.0,60.0
Systemorientierte Naturwissenschaften,Umweltsystemwiss.,Assistant Prof,2018,9.0,6.0,66.7
Systemorientierte Naturwissenschaften,Umweltsystemwiss.,Assistant Prof,2019,13.0,9.0,69.2
Systemorientierte Naturwissenschaften,Umweltsystemwiss.,Assistant Prof,2020,18.0,12.0,66.7
Systemorientierte Naturwissenschaften,Umweltsystemwiss.,Assistant Prof,2021,19.2,15.0,78.1
Systemorientierte Naturwissenschaften,Umweltsystemwiss.,Assistant Prof,2022,15.4,13.2,85.7
Systemorientierte Naturwissenschaften,Umweltsystemwiss.,Assistant Prof,2023,14.2,12.0,84.5
Systemorientierte Naturwissenschaften,Umweltsystemwiss.,Assistant Prof,2024,15.2,13.0,85.5
Systemorientierte Naturwissenschaften,Umweltsystemwiss.,Assistant Prof,2025,11.2,10.0,89.3
Systemorientierte Naturwissenschaften,Ges.wiss.u.Technol,Full Prof,2006,11.3,7.0,61.9
Systemorientierte Naturwissenschaften,Ges.wiss.u.Technol,Full Prof,2007,11.3,7.0,61.9
Systemorientierte Naturwissenschaften,Ges.wiss.u.Technol,Full Prof,2008,10.0,7.0,70.0
Systemorientierte Naturwissenschaften,Ges.wiss.u.Technol,Full Prof,2009,12.0,9.0,75.0
Systemorientierte Naturwissenschaften,Ges.wiss.u.Technol,Full Prof,2010,13.0,10.0,76.9
Systemorientierte Naturwissenschaften,Ges.wiss.u.Technol,Full Prof,2011,14.0,11.0,78.6
Systemorientierte Naturwissenschaften,Ges.wiss.u.Technol,Full Prof,2012,15.5,12.0,77.4
Systemorientierte Naturwissenschaften,Ges.wiss.u.Technol,Full Prof,2013,16.0,13.0,81.2
Systemorientierte Naturwissenschaften,Ges.wiss.u.Technol,Full Prof,2014,17.0,13.0,76.5
Systemorientierte Naturwissenschaften,Ges.wiss.u.Technol,Full Prof,2015,18.0,14.0,77.8
Systemorientierte Naturwissenschaften,Ges.wiss.u.Technol,Full Prof,2016,19.0,15.0,78.9
Systemorientierte Naturwissenschaften,Ges.wiss.u.Technol,Full Prof,2017,23.0,17.0,73.9
Systemorientierte Naturwissenschaften,Ges.wiss.u.Technol,Full Prof,2018,21.7,15.7,72.4
Systemorientierte Naturwissenschaften,Ges.wiss.u.Technol,Full Prof,2019,21.8,14.8,67.9
Systemorientierte Naturwissenschaften,Ges.wiss.u.Technol,Full Prof,2020,22.8,15.8,69.3
Systemorientierte Naturwissenschaften,Ges.wiss.u.Technol,Full Prof,2021,22.8,15.8,69.3
Systemorientierte Naturwissenschaften,Ges.wiss.u.Technol,Full Prof,2022,24.2,15.8,65.3
Systemorientierte Naturwissenschaften,Ges.wiss.u.Technol,Full Prof,2023,21.4,14.8,69.2
Systemorientierte Naturwissenschaften,Ges.wiss.u.Technol,Full Prof,2024,24.9,17.1,68.7
Systemorientierte Naturwissenschaften,Ges.wiss.u.Technol,Full Prof,2025,26.1,18.1,69.3
Systemorientierte Naturwissenschaften,Ges.wiss.u.Technol,Assistant Prof,2006,0.0,0.0,
Systemorientierte Naturwissenschaften,Ges.wiss.u.Technol,Assistant Prof,2007,,,
Systemorientierte Naturwissenschaften,Ges.wiss.u.Technol,Assistant Prof,2008,2.0,1.0,50.0
Systemorientierte Naturwissenschaften,Ges.wiss.u.Technol,Assistant Prof,2009,3.0,2.0,66.7
Systemorientierte Naturwissenschaften,Ges.wiss.u.Technol,Assistant Prof,2010,2.0,1.0,50.0
Systemorientierte Naturwissenschaften,Ges.wiss.u.Technol,Assistant Prof,2011,2.0,1.0,50.0
Systemorientierte Naturwissenschaften,Ges.wiss.u.Technol,Assistant Prof,2012,3.0,1.0,33.3
Systemorientierte Naturwissenschaften,Ges.wiss.u.Technol,Assistant Prof,2013,3.0,1.0,33.3
Systemorientierte Naturwissenschaften,Ges.wiss.u.Technol,Assistant Prof,2014,3.0,1.0,33.3
Systemorientierte Naturwissenschaften,Ges.wiss.u.Technol,Assistant Prof,2015,3.0,1.0,33.3
Systemorientierte Naturwissenschaften,Ges.wiss.u.Technol,Assistant Prof,2016,5.0,2.0,40.0
Systemorientierte Naturwissenschaften,Ges.wiss.u.Technol,Assistant Prof,2017,6.0,4.0,66.7
Systemorientierte Naturwissenschaften,Ges.wiss.u.Technol,Assistant Prof,2018,10.0,7.0,70.0
Systemorientierte Naturwissenschaften,Ges.wiss.u.Technol,Assistant Prof,2019,10.0,7.0,70.0
Systemorientierte Naturwissenschaften,Ges.wiss.u.Technol,Assistant Prof,2020,10.0,8.0,80.0
Systemorientierte Naturwissenschaften,Ges.wiss.u.Technol,Assistant Prof,2021,10.0,8.0,80.0
Systemorientierte Naturwissenschaften,Ges.wiss.u.Technol,Assistant Prof,2022,10.0,8.0,80.0
Systemorientierte Naturwissenschaften,Ges.wiss.u.Technol,Assistant Prof,2023,9.0,7.0,77.8
Systemorientierte Naturwissenschaften,Ges.wiss.u.Technol,Assistant Prof,2024,7.0,5.0,71.4
Systemorientierte Naturwissenschaften,Ges.wiss.u.Technol,Assistant Prof,2025,7.0,5.0,71.4
Systemorientierte Naturwissenschaften,Umweltsystemwiss. (2),Assistant Prof,2006,0.0,0.0,
Systemorientierte Naturwissenschaften,Umweltsystemwiss. (2),Assistant Prof,2007,,,
Systemorientierte Naturwissenschaften,Umweltsystemwiss. (2),Assistant Prof,2008,,,
Systemorientierte Naturwissenschaften,Umweltsystemwiss. (2),Assistant Prof,2009,,,
Systemorientierte Naturwissenschaften,Umweltsystemwiss. (2),Assistant Prof,2010,,,
Systemorientierte Naturwissenschaften,Umweltsystemwiss. (2),Assistant Prof,2011,,,
Systemorientierte Naturwissenschaften,Umweltsystemwiss. (2),Assistant Prof,2012,,,
Systemorientierte Naturwissenschaften,Umweltsystemwiss. (2),Assistant Prof,2013,,,
Systemorientierte Naturwissenschaften,Umweltsystemwiss. (2),Assistant Prof,2014,,,
Systemorientierte Naturwissenschaften,Umweltsystemwiss. (2),Assistant Prof,2015,,,
Systemorientierte Naturwissenschaften,Umweltsystemwiss. (2),Assistant Prof,2016,,,
Systemorientierte Naturwissenschaften,Umweltsystemwiss. (2),Assistant Prof,2017,,,
Systemorientierte Naturwissenschaften,Umweltsystemwiss. (2),Assistant Prof,2018,,,
Systemorientierte Naturwissenschaften,Umweltsystemwiss. (2),Assistant Prof,2019,,,
Systemorientierte Naturwissenschaften,Umweltsystemwiss. (2),Assistant Prof,2020,,,
Systemorientierte Naturwissenschaften,Umweltsystemwiss. (2),Assistant Prof,2021,,,
Systemorientierte Naturwissenschaften,Umweltsystemwiss. (2),Assistant Prof,2022,,,
Systemorientierte Naturwissenschaften,Umweltsystemwiss. (2),Assistant Prof,2023,,,
Systemorientierte Naturwissenschaften,Umweltsystemwiss. (2),Assistant Prof,2024,,,
Systemorientierte Naturwissenschaften,Umweltsystemwiss. (2),Assistant Prof,2025,,,
Management- und Sozialwissenschaften,"Manag.,Tech.u.Ök.",Full Prof,2006,11.2,6.4,57.1
Management- und Sozialwissenschaften,"Manag.,Tech.u.Ök.",Full Prof,2007,11.3,6.5,57.5
Management- und Sozialwissenschaften,"Manag.,Tech.u.Ök.",Full Prof,2008,12.3,8.5,69.1
Management- und Sozialwissenschaften,"Manag.,Tech.u.Ök.",Full Prof,2009,13.3,9.0,67.7
Management- und Sozialwissenschaften,"Manag.,Tech.u.Ök.",Full Prof,2010,15.3,10.0,65.4
Management- und Sozialwissenschaften,"Manag.,Tech.u.Ök.",Full Prof,2011,16.8,12.0,71.4
Management- und Sozialwissenschaften,"Manag.,Tech.u.Ök.",Full Prof,2012,15.8,11.0,69.6
Management- und Sozialwissenschaften,"Manag.,Tech.u.Ök.",Full Prof,2013,18.8,13.0,69.1
Management- und Sozialwissenschaften,"Manag.,Tech.u.Ök.",Full Prof,2014,17.8,12.0,67.4
Management- und Sozialwissenschaften,"Manag.,Tech.u.Ök.",Full Prof,2015,17.5,12.0,68.6
Management- und Sozialwissenschaften,"Manag.,Tech.u.Ök.",Full Prof,2016,19.1,14.0,73.3
Management- und Sozialwissenschaften,"Manag.,Tech.u.Ök.",Full Prof,2017,18.4,14.0,76.1
Management- und Sozialwissenschaften,"Manag.,Tech.u.Ök.",Full Prof,2018,18.4,14.0,76.1
Management- und Sozialwissenschaften,"Manag.,Tech.u.Ök.",Full Prof,2019,18.4,12.0,65.2
Management- und Sozialwissenschaften,"Manag.,Tech.u.Ök.",Full Prof,2020,19.3,12.0,62.2
Management- und Sozialwissenschaften,"Manag.,Tech.u.Ök.",Full Prof,2021,19.3,12.0,62.2
Management- und Sozialwissenschaften,"Manag.,Tech.u.Ök.",Full Prof,2022,18.3,11.0,60.1
Management- und Sozialwissenschaften,"Manag.,Tech.u.Ök.",Full Prof,2023,20.3,12.0,59.1
Management- und Sozialwissenschaften,"Manag.,Tech.u.Ök.",Full Prof,2024,18.3,11.0,60.1
Management- und Sozialwissenschaften,"Manag.,Tech.u.Ök.",Full Prof,2025,18.4,10.0,54.3
Management- und Sozialwissenschaften,"Manag.,Tech.u.Ök.",Assistant Prof,2006,1.0,1.0,100.0
Management- und Sozialwissenschaften,"Manag.,Tech.u.Ök.",Assistant Prof,2007,1.0,1.0,100.0
Management- und Sozialwissenschaften,"Manag.,Tech.u.Ök.",Assistant Prof,2008,2.0,2.0,100.0
Management- und Sozialwissenschaften,"Manag.,Tech.u.Ök.",Assistant Prof,2009,2.0,2.0,100.0
Management- und Sozialwissenschaften,"Manag.,Tech.u.Ök.",Assistant Prof,2010,1.0,1.0,100.0
Management- und Sozialwissenschaften,"Manag.,Tech.u.Ök.",Assistant Prof,2011,2.0,2.0,100.0
Management- und Sozialwissenschaften,"Manag.,Tech.u.Ök.",Assistant Prof,2012,3.0,3.0,100.0
Management- und Sozialwissenschaften,"Manag.,Tech.u.Ök.",Assistant Prof,2013,3.0,3.0,100.0
Management- und Sozialwissenschaften,"Manag.,Tech.u.Ök.",Assistant Prof,2014,3.0,3.0,100.0
Management- und Sozialwissenschaften,"Manag.,Tech.u.Ök.",Assistant Prof,2015,3.0,3.0,100.0
Management- und Sozialwissenschaften,"Manag.,Tech.u.Ök.",Assistant Prof,2016,4.0,3.0,75.0
Management- und Sozialwissenschaften,"Manag.,Tech.u.Ök.",Assistant Prof,2017,5.0,4.0,80.0
Management- und Sozialwissenschaften,"Manag.,Tech.u.Ök.",Assistant Prof,2018,4.0,3.0,75.0
Management- und Sozialwissenschaften,"Manag.,Tech.u.Ök.",Assistant Prof,2019,4.0,3.0,75.0
Management- und Sozialwissenschaften,"Manag.,Tech.u.Ök.",Assistant Prof,2020,3.0,2.0,66.7
Management- und Sozialwissenschaften,"Manag.,Tech.u.Ök.",Assistant Prof,2021,2.0,1.0,50.0
Management- und Sozialwissenschaften,"Manag.,Tech.u.Ök.",Assistant Prof,2022,3.0,2.0,66.7
Management- und Sozialwissenschaften,"Manag.,Tech.u.Ök.",Assistant Prof,2023,1.0,1.0,100.0
Management- und Sozialwissenschaften,"Manag.,Tech.u.Ök.",Assistant Prof,2024,1.0,1.0,100.0
Management- und Sozialwissenschaften,"Manag.,Tech.u.Ök.",Assistant Prof,2025,2.0,2.0,100.0
Management- und Sozialwissenschaften,"Geistes-,Soz.u.St.",Full Prof,2006,16.0,10.0,62.5
Management- und Sozialwissenschaften,"Geistes-,Soz.u.St.",Full Prof,2007,16.0,10.0,62.5
Management- und Sozialwissenschaften,"Geistes-,Soz.u.St.",Full Prof,2008,19.0,13.0,68.4
Management- und Sozialwissenschaften,"Geistes-,Soz.u.St.",Full Prof,2009,19.0,13.0,68.4
Management- und Sozialwissenschaften,"Geistes-,Soz.u.St.",Full Prof,2010,18.0,13.0,72.2
Management- und Sozialwissenschaften,"Geistes-,Soz.u.St.",Full Prof,2011,18.0,13.0,72.2
Management- und Sozialwissenschaften,"Geistes-,Soz.u.St.",Full Prof,2012,19.0,14.0,73.7
Management- und Sozialwissenschaften,"Geistes-,Soz.u.St.",Full Prof,2013,20.0,15.0,75.0
Management- und Sozialwissenschaften,"Geistes-,Soz.u.St.",Full Prof,2014,20.0,15.0,75.0
Management- und Sozialwissenschaften,"Geistes-,Soz.u.St.",Full Prof,2015,19.0,14.0,73.7
Management- und Sozialwissenschaften,"Geistes-,Soz.u.St.",Full Prof,2016,19.0,14.0,73.7
Management- und Sozialwissenschaften,"Geistes-,Soz.u.St.",Full Prof,2017,22.0,16.0,72.7
Management- und Sozialwissenschaften,"Geistes-,Soz.u.St.",Full Prof,2018,21.0,16.0,76.2
Management- und Sozialwissenschaften,"Geistes-,Soz.u.St.",Full Prof,2019,21.0,16.0,76.2
Management- und Sozialwissenschaften,"Geistes-,Soz.u.St.",Full Prof,2020,21.0,16.0,76.2
Management- und Sozialwissenschaften,"Geistes-,Soz.u.St.",Full Prof,2021,22.0,17.0,77.3
Management- und Sozialwissenschaften,"Geistes-,Soz.u.St.",Full Prof,2022,23.0,18.0,78.3
Management- und Sozialwissenschaften,"Geistes-,Soz.u.St.",Full Prof,2023,25.0,20.0,80.0
Management- und Sozialwissenschaften,"Geistes-,Soz.u.St.",Full Prof,2024,25.5,20.0,78.4
Management- und Sozialwissenschaften,"Geistes-,Soz.u.St.",Full Prof,2025,24.0,18.0,75.0
Management- und Sozialwissenschaften,"Geistes-,Soz.u.St.",Assistant Prof,2006,1.0,,
Management- und Sozialwissenschaften,"Geistes-,Soz.u.St.",Assistant Prof,2007,1.0,,
Management- und Sozialwissenschaften,"Geistes-,Soz.u.St.",Assistant Prof,2008,2.0,1.0,50.0
Management- und Sozialwissenschaften,"Geistes-,Soz.u.St.",Assistant Prof,2009,4.0,3.0,75.0
Management- und Sozialwissenschaften,"Geistes-,Soz.u.St.",Assistant Prof,2010,4.0,3.0,75.0
Management- und Sozialwissenschaften,"Geistes-,Soz.u.St.",Assistant Prof,2011,3.0,3.0,100.0
Management- und Sozialwissenschaften,"Geistes-,Soz.u.St.",Assistant Prof,2012,3.0,3.0,100.0
Management- und Sozialwissenschaften,"Geistes-,Soz.u.St.",Assistant Prof,2013,3.0,3.0,100.0
Management- und Sozialwissenschaften,"Geistes-,Soz.u.St.",Assistant Prof,2014,3.0,3.0,100.0
Management- und Sozialwissenschaften,"Geistes-,Soz.u.St.",Assistant Prof,2015,3.0,3.0,100.0
Management- und Sozialwissenschaften,"Geistes-,Soz.u.St.",Assistant Prof,2016,2.0,2.0,100.0
Management- und Sozialwissenschaften,"Geistes-,Soz.u.St.",Assistant Prof,2017,2.0,2.0,100.0
Management- und Sozialwissenschaften,"Geistes-,Soz.u.St.",Assistant Prof,2018,3.0,3.0,100.0
Management- und Sozialwissenschaften,"Geistes-,Soz.u.St.",Assistant Prof,2019,3.0,3.0,100.0
Management- und Sozialwissenschaften,"Geistes-,Soz.u.St.",Assistant Prof,2020,2.0,2.0,100.0
Management- und Sozialwissenschaften,"Geistes-,Soz.u.St.",Assistant Prof,2021,3.0,3.0,100.0
Management- und Sozialwissenschaften,"Geistes-,Soz.u.St.",Assistant Prof,2022,5.0,5.0,100.0
Management- und Sozialwissenschaften,"Geistes-,Soz.u.St.",Assistant Prof,2023,6.0,6.0,100.0
Management- und Sozialwissenschaften,"Geistes-,Soz.u.St.",Assistant Prof,2024,6.0,6.0,100.0
Management- und Sozialwissenschaften,"Geistes-,Soz.u.St.",Assistant Prof,2025,5.0,5.0,100.0
