Report_Jahr,Semester,Kategorie,Total,Frauen_%,Auslaendische_%
2024,HS 2024,Total,6262,39,40.3
2024,HS 2024,Professuren,742,30.3,47.7
2024,HS 2024,Titularprofessuren,773,20.6,20.1
2024,HS 2024,Privatdozierende,1194,29.7,42.8
2024,HS 2024,Lehrpersonen,3553,47.9,42.4
2024,HS 2024,Theologische und Religionswiss. Fakultät,93,33.3,47.3
2024,HS 2024,Professuren,18,27.8,50
2024,HS 2024,Titularprofessuren,9,11.1,22.2
2024,HS 2024,Privatdozierende,25,20,56
2024,HS 2024,Lehrpersonen,41,48.8,46.3
2024,HS 2024,Rechtswissenschaftliche Fakultät,297,36.7,15.2
2024,HS 2024,Professuren,52,28.8,28.8
2024,HS 2024,Titularprofessuren,46,17.4,6.5
2024,HS 2024,Privatdozierende,36,41.7,19.4
2024,HS 2024,Lehrpersonen,163,43.6,12.3
2024,HS 2024,Wirtschaftswissenschaftliche Fakultät,342,23.1,56.4
2024,HS 2024,Professuren,95,16.8,60
2024,HS 2024,Titularprofessuren,15,13.3,6.7
2024,HS 2024,Privatdozierende,38,23.7,47.4
2024,HS 2024,Lehrpersonen,194,26.8,60.3
2024,HS 2024,Medizinische Fakultät,3390,36.1,37.6
2024,HS 2024,Professuren,209,23.9,40.2
2024,HS 2024,Titularprofessuren,516,18.2,22.7
2024,HS 2024,Privatdozierende,780,26.4,41.5
2024,HS 2024,Lehrpersonen,1885,46.3,39.7
2024,HS 2024,Theologische Fakultät,18,,50
2024,HS 2024,Rechtswissenschaftliche Fakultät,52,,28.8
2024,HS 2024,Wirtschaftswissenschaftliche Fakultät,95,,60
2024,HS 2024,Medizinische Fakultät,209,,40.2
2024,HS 2024,Vetsuisse-Fakultät,38,,36.8
2024,HS 2024,Philosophische Fakultät,184,,50.5
2024,HS 2024,Mathematisch-naturwissenschaftliche Fakultät,132,,56.1
2024,HS 2023,Total,5791,37.9,39.6
2024,HS 2023,Professuren,738,29.3,48.5
2024,HS 2023,Titularprofessuren,767,20.1,21.4
2024,HS 2023,Privatdozierende,1133,30.1,42.7
2024,HS 2023,Lehrpersonen,3153,47,40.8
2024,HS 2023,Theologische und Religionswiss. Fakultät,84,31,47.6
2024,HS 2023,Professuren,17,23.5,47.1
2024,HS 2023,Titularprofessuren,9,11.1,22.2
2024,HS 2023,Privatdozierende,21,23.8,52.4
2024,HS 2023,Lehrpersonen,37,43.2,51.4
2024,HS 2023,Rechtswissenschaftliche Fakultät,303,37,17.8
2024,HS 2023,Professuren,56,30.4,26.8
2024,HS 2023,Titularprofessuren,42,16.7,4.8
2024,HS 2023,Privatdozierende,37,40.5,18.9
2024,HS 2023,Lehrpersonen,168,43.5,17.9
2024,HS 2023,Wirtschaftswissenschaftliche Fakultät,321,22.1,55.1
2024,HS 2023,Professuren,92,14.1,62
2024,HS 2023,Titularprofessuren,19,10.5,15.8
2024,HS 2023,Privatdozierende,32,28.1,46.9
2024,HS 2023,Lehrpersonen,178,26.4,57.3
2024,HS 2023,Medizinische Fakultät,2991,34.4,36.7
2024,HS 2023,Professuren,206,23.3,42.2
2024,HS 2023,Titularprofessuren,513,17.7,24.8
2024,HS 2023,Privatdozierende,746,26.9,41.8
2024,HS 2023,Lehrpersonen,1526,45.1,37.5
2023,HS 2023,Total,5791,37.9,39.6
2023,HS 2023,Professuren,738,29.3,48.5
2023,HS 2023,Titularprofessuren,767,20.1,21.4
2023,HS 2023,Privatdozierende,1133,30.1,42.7
2023,HS 2023,Lehrpersonen,3153,47,40.8
2023,HS 2023,Theologische Fakultät,84,31,47.6
2023,HS 2023,Professuren,17,23.5,47.1
2023,HS 2023,Titularprofessuren,9,11.1,22.2
2023,HS 2023,Privatdozierende,21,23.8,52.4
2023,HS 2023,Lehrpersonen,37,43.2,51.4
2023,HS 2023,Rechtswissenschaftliche Fakultät,303,37,17.8
2023,HS 2023,Professuren,56,30.4,26.8
2023,HS 2023,Titularprofessuren,42,16.7,4.8
2023,HS 2023,Privatdozierende,37,40.5,18.9
2023,HS 2023,Lehrpersonen,168,43.5,17.9
2023,HS 2023,Wirtschaftswissenschaftliche Fakultät,321,22.1,55.1
2023,HS 2023,Professuren,92,14.1,62
2023,HS 2023,Titularprofessuren,19,10.5,15.8
2023,HS 2023,Privatdozierende,32,28.1,46.9
2023,HS 2023,Lehrpersonen,178,26.4,57.3
2023,HS 2023,Medizinische Fakultät,2991,34.4,36.7
2023,HS 2023,Professuren,206,23.3,42.2
2023,HS 2023,Titularprofessuren,513,17.7,24.8
2023,HS 2023,Privatdozierende,746,26.9,41.8
2023,HS 2023,Lehrpersonen,1526,45.1,37.5
2023,HS 2023,Theologische Fakultät,17,,47.1
2023,HS 2023,Rechtswissenschaftliche Fakultät,56,,26.8
2023,HS 2023,Wirtschaftswissenschaftliche Fakultät,92,,62
2023,HS 2023,Medizinische Fakultät,206,,42.2
2023,HS 2023,Vetsuisse-Fakultät,38,,36.8
2023,HS 2023,Philosophische Fakultät,186,,51.6
2023,HS 2023,Mathematisch-naturwissenschaftliche Fakultät,128,,56.3
2023,HS 2022,Total,5623,37.3,39.9
2023,HS 2022,Professuren,734,28.7,48.8
2023,HS 2022,Titularprofessuren,734,20.3,21
2023,HS 2022,Privatdozierende,1043,29.2,42
2023,HS 2022,Lehrpersonen,3112,46.1,41.6
2023,HS 2022,Theologische Fakultät,85,35.3,48.2
2023,HS 2022,Professuren,15,26.7,53.3
2023,HS 2022,Titularprofessuren,10,10,30
2023,HS 2022,Privatdozierende,19,26.3,47.4
2023,HS 2022,Lehrpersonen,41,48.8,51.2
2023,HS 2022,Rechtswissenschaftliche Fakultät,295,38,14.6
2023,HS 2022,Professuren,55,29.1,21.8
2023,HS 2022,Titularprofessuren,46,19.6,4.3
2023,HS 2022,Privatdozierende,29,41.4,17.2
2023,HS 2022,Lehrpersonen,165,45.5,14.5
2023,HS 2022,Wirtschaftswissenschaftliche Fakultät,328,21.3,54.3
2023,HS 2022,Professuren,90,14.4,64.4
2023,HS 2022,Titularprofessuren,19,10.5,15.8
2023,HS 2022,Privatdozierende,32,28.1,46.9
2023,HS 2022,Lehrpersonen,187,24.7,54.8
2023,HS 2022,Medizinische Fakultät,2849,33.3,36.6
2023,HS 2022,Professuren,203,21.7,43.8
2023,HS 2022,Titularprofessuren,474,17.7,23.6
2023,HS 2022,Privatdozierende,695,25.8,40.7
2023,HS 2022,Lehrpersonen,1477,43.5,37.9
2022,HS 2022,Total,5623,37.3,39.9
2022,HS 2022,Professuren,734,28.7,48.8
2022,HS 2022,Titularprofessuren,734,20.3,21
2022,HS 2022,Privatdozierende,1043,29.2,42
2022,HS 2022,Lehrpersonen,3112,46.1,41.6
2022,HS 2022,Theologische Fakultät,85,35.3,48.2
2022,HS 2022,Professuren,15,26.7,53.3
2022,HS 2022,Titularprofessuren,10,10,30
2022,HS 2022,Privatdozierende,19,26.3,47.4
2022,HS 2022,Lehrpersonen,41,48.8,51.2
2022,HS 2022,Rechtswissenschaftliche Fakultät,295,38,14.6
2022,HS 2022,Professuren,55,29.1,21.8
2022,HS 2022,Titularprofessuren,46,19.6,4.3
2022,HS 2022,Privatdozierende,29,41.4,17.2
2022,HS 2022,Lehrpersonen,165,45.5,14.5
2022,HS 2022,Wirtschaftswissenschaftliche Fakultät,328,21.3,54.3
2022,HS 2022,Professuren,90,14.4,64.4
2022,HS 2022,Titularprofessuren,19,10.5,15.8
2022,HS 2022,Privatdozierende,32,28.1,46.9
2022,HS 2022,Lehrpersonen,187,24.7,54.8
2022,HS 2022,Medizinische Fakultät,2849,33.3,36.6
2022,HS 2022,Professuren,203,21.7,43.8
2022,HS 2022,Titularprofessuren,474,17.7,23.6
2022,HS 2022,Privatdozierende,695,25.8,40.7
2022,HS 2022,Lehrpersonen,1477,43.5,37.9
2022,HS 2022,Theologische Fakultät,15,,53.3
2022,HS 2022,Rechtswissenschaftliche Fakultät,55,,21.8
2022,HS 2022,Wirtschaftswissenschaftliche Fakultät,92,,62
2022,HS 2022,Medizinische Fakultät,206,,42.2
2022,HS 2022,Vetsuisse-Fakultät,36,,36.1
2022,HS 2022,Philosophische Fakultät,186,,51.3
2022,HS 2022,Mathematisch-naturwissenschaftliche Fakultät,128,,56.3
2022,HS 2021,Total,5367,36.8,40.3
2022,HS 2021,Professuren,735,27.6,53.1
2022,HS 2021,Titularprofessuren,692,20.1,20.2
2022,HS 2021,Privatdozierende,1019,28,42.1
2022,HS 2021,Lehrpersonen,2921,46.1,41.2
2022,HS 2021,Theologische Fakultät,83,32.5,42.2
2022,HS 2021,Professuren,15,20,53.3
2022,HS 2021,Titularprofessuren,10,10,30
2022,HS 2021,Privatdozierende,18,22.2,55.6
2022,HS 2021,Lehrpersonen,40,47.5,35
2022,HS 2021,Rechtswissenschaftliche Fakultät,213,31,18.8
2022,HS 2021,Professuren,53,28.3,37.7
2022,HS 2021,Titularprofessuren,44,20.5,4.5
2022,HS 2021,Privatdozierende,31,35.5,16.1
2022,HS 2021,Lehrpersonen,85,36.5,15.3
2022,HS 2021,Wirtschaftswissenschaftliche Fakultät,317,21.1,55.5
2022,HS 2021,Professuren,91,13.2,70.3
2022,HS 2021,Titularprofessuren,20,10,20
2022,HS 2021,Privatdozierende,32,28.1,46.9
2022,HS 2021,Lehrpersonen,174,25.4,53.8
2022,HS 2021,Medizinische Fakultät,2735,32.3,36.3
2022,HS 2021,Professuren,207,20.8,47.8
2022,HS 2021,Titularprofessuren,437,17.2,22.7
2022,HS 2021,Privatdozierende,680,24.4,40
2022,HS 2021,Lehrpersonen,1411,42.6,37.1
2021,HS 2021,Theologische Fakultät,83,32.5,42.2
2021,HS 2021,Professuren,15,20,53.3
2021,HS 2021,Titularprofessuren,10,10,30
2021,HS 2021,Privatdozierende,18,22.2,55.6
2021,HS 2021,Lehrpersonen,40,47.5,35
2021,HS 2021,Rechtswissenschaftliche Fakultät,213,31,18.8
2021,HS 2021,Professuren 1 2,53,28.3,37.7
2021,HS 2021,Titularprofessuren,44,20.5,4.5
2021,HS 2021,Privatdozierende,31,35.5,16.1
2021,HS 2021,Lehrpersonen,85,36.5,15.3
2021,HS 2021,Wirtschaftswissenschaftliche Fakultät,317,21.1,55.5
2021,HS 2021,Professuren 1 2,91,13.2,70.3
2021,HS 2021,Titularprofessuren,20,10,20
2021,HS 2021,Privatdozierende,32,28.1,46.9
2021,HS 2021,Lehrpersonen,174,25.4,53.8
2021,HS 2021,Medizinische Fakultät,32.3,36.3,
2021,HS 2021,Professuren 1 2,207,20.8,47.8
2021,HS 2021,Titularprofessuren,437,17.2,22.7
2021,HS 2021,Privatdozierende,680,24.4,40
2021,HS 2021,Lehrpersonen,42.6,37.1,
2021,HS 2021,Vetsuisse-Fakultät,150,47.3,44.7
2021,HS 2021,Professuren,39,33.3,41
2021,HS 2021,Titularprofessuren,19,31.6,36.8
2021,HS 2021,Privatdozierende,34,50,58.8
2021,HS 2021,Lehrpersonen,58,61.4,42.1
2021,HS 2021,Philosophische Fakultät,51.1,43.8,
2021,HS 2021,Professuren,195,40.5,53.3
2021,HS 2021,Titularprofessuren,105,36.2,11.4
2021,HS 2021,Privatdozierende,124,38.7,45.2
2021,HS 2021,Lehrpersonen,808,57.5,45.4
2021,HS 2021,Mathematisch-naturwissenschaftliche Fakultät,569,32.2,51.1
2021,HS 2021,Professuren 1 2,123,26,58.5
2021,HS 2021,Titularprofessuren,55,12.7,23.6
2021,HS 2021,Privatdozierende,99,30.3,51.5
2021,HS 2021,Lehrpersonen,292,39,53.1
2021,HS 2021,Zentrale Dienste der Universität,61,68.9,26.2
2021,HS 2021,Professuren,5,60,20
2021,HS 2021,Titularprofessuren,2,50,
2021,HS 2021,Privatdozierende,1,,
2021,HS 2021,Lehrpersonen,53,73.1,26.9
2021,HS 2021,Schwerpunkt Forschung und Lehre,9,55.6,77.8
2021,HS 2021,Professuren,8,50,87.5
2021,HS 2021,Titularprofessuren,,,
2021,HS 2021,Privatdozierende,,,
2021,HS 2021,Lehrpersonen,1,100,0
2021,HS 2021,Total,36.8,40.3,
2021,HS 2021,Professuren 1 2 6,735,27.6,53.1
2021,HS 2021,Titularprofessuren,692,20.1,20.2
2021,HS 2021,Privatdozierende,28,42.1,
2021,HS 2021,Lehrpersonen,46.1,41.2,
2021,HS 2021,Theologische Fakultät,15,,53.3
2021,HS 2021,Rechtswissenschaftliche Fakultät,53,,37.7
2021,HS 2021,Wirtschaftswissenschaftliche Fakultät,91,,70.3
2021,HS 2021,Medizinische Fakultät,207,,47.8
2021,HS 2021,Vetsuisse-Fakultät,39,,41
2021,HS 2021,Philosophische Fakultät,195,,53.3
2021,HS 2021,Mathematisch-naturwissenschaftliche Fakultät,123,,58.5
2021,HS 2020,Theologische Fakultät,75,29.3,41.3
2021,HS 2020,Professuren,15,20,53.3
2021,HS 2020,Titularprofessuren,11,9.1,27.3
2021,HS 2020,Privatdozierende,15,20,53.3
2021,HS 2020,Lehrpersonen,34,44.1,35.3
2021,HS 2020,Rechtswissenschaftliche Fakultät,213,28.2,18.8
2021,HS 2020,Professuren 1 2,55,27.3,38.2
2021,HS 2020,Titularprofessuren,40,17.5,2.5
2021,HS 2020,Privatdozierende,34,35.3,17.6
2021,HS 2020,Lehrpersonen,84,31,14.3
2021,HS 2020,Wirtschaftswissenschaftliche Fakultät,315,21.6,57.5
2021,HS 2020,Professuren 1 2,95,15.8,72.6
2021,HS 2020,Titularprofessuren,21,9.5,23.8
2021,HS 2020,Privatdozierende,31,25.8,45.2
2021,HS 2020,Lehrpersonen,168,25.6,55.4
2021,HS 2020,Medizinische Fakultät,31.4,35.9,
2021,HS 2020,Professuren 1 2,203,16.3,47.3
2021,HS 2020,Titularprofessuren,399,15.3,20.3
2021,HS 2020,Privatdozierende,627,24.4,39.7
2021,HS 2020,Lehrpersonen,41.6,37,
2021,HS 2020,Vetsuisse-Fakultät,148,47.3,44.6
2021,HS 2020,Professuren,38,28.9,42.1
2021,HS 2020,Titularprofessuren,20,30,40
2021,HS 2020,Privatdozierende,34,50,61.8
2021,HS 2020,Lehrpersonen,56,64.3,37.5
2021,HS 2020,Philosophische Fakultät,1185,50.8,44.5
2021,HS 2020,Professuren,186,39.2,53.8
2021,HS 2020,Titularprofessuren,107,35.5,14
2021,HS 2020,Privatdozierende,114,38.6,43.9
2021,HS 2020,Lehrpersonen,778,57.5,46.5
2021,HS 2020,Mathematisch-naturwissenschaftliche Fakultät,542,29.3,52
2021,HS 2020,Professuren 1 2,116,21.6,62.1
2021,HS 2020,Titularprofessuren,52,13.5,21.2
2021,HS 2020,Privatdozierende,95,31.6,51.6
2021,HS 2020,Lehrpersonen,279,34.8,53.8
2021,HS 2020,Zentrale Dienste der Universität,53,71.7,26.4
2021,HS 2020,Professuren,,,
2021,HS 2020,Titularprofessuren,2,50,
2021,HS 2020,Privatdozierende,1,,
2021,HS 2020,Lehrpersonen,50,74,28
2021,HS 2020,Schwerpunkt Forschung und Lehre,14,35.7,92.9
2021,HS 2020,Professuren,10,50,90
2021,HS 2020,Titularprofessuren,,,
2021,HS 2020,Privatdozierende,,,
2021,HS 2020,Lehrpersonen,4,,100
2021,HS 2020,Total,35.8,40.6,
2021,HS 2020,Professuren 1 2 6,718,25.1,54.5
2021,HS 2020,Titularprofessuren,651,18.9,19
2021,HS 2020,Privatdozierende,951,28.1,41.7
2021,HS 2020,Lehrpersonen,45,41.6,
2020,HS 2020,Theologische Fakultät,75,29.3,41.3
2020,HS 2020,Professuren,15,20,53.3
2020,HS 2020,Titularprofessuren,11,9.1,27.3
2020,HS 2020,Privatdozierende,15,20,53.3
2020,HS 2020,Lehrbeauftragte,34,44.1,35.3
2020,HS 2020,Rechtswissenschaftliche Fakultät,213,28.2,18.8
2020,HS 2020,Professuren 1 2,55,27.3,38.2
2020,HS 2020,Titularprofessuren,40,17.5,2.5
2020,HS 2020,Privatdozierende,34,35.3,17.6
2020,HS 2020,Lehrbeauftragte,84,31,14.3
2020,HS 2020,Wirtschaftswissenschaftliche Fakultät,315,21.6,57.5
2020,HS 2020,Professuren 1 2,95,15.8,72.6
2020,HS 2020,Titularprofessuren,21,9.5,23.8
2020,HS 2020,Privatdozierende,31,25.8,45.2
2020,HS 2020,Lehrbeauftragte,168,25.6,55.4
2020,HS 2020,Medizinische Fakultät,31.4,35.9,
2020,HS 2020,Professuren 1 2,203,16.3,47.3
2020,HS 2020,Titularprofessuren,399,15.3,20.3
2020,HS 2020,Privatdozierende,627,24.4,39.7
2020,HS 2020,Lehrbeauftragte,41.6,37,
2020,HS 2020,Vetsuisse-Fakultät,148,47.3,44.6
2020,HS 2020,Professuren,38,28.9,42.1
2020,HS 2020,Titularprofessuren,20,30,40
2020,HS 2020,Privatdozierende,34,50,61.8
2020,HS 2020,Lehrbeauftragte,56,64.3,37.5
2020,HS 2020,Philosophische Fakultät,50.8,44.5,
2020,HS 2020,Professuren,186,39.2,53.8
2020,HS 2020,Titularprofessuren,107,35.5,14
2020,HS 2020,Privatdozierende,114,38.6,43.9
2020,HS 2020,Lehrbeauftragte,778,57.5,46.5
2020,HS 2020,Mathematisch-naturwissenschaftliche Fakultät,541,29.2,52.1
2020,HS 2020,Professuren 1 2,116,21.6,62.1
2020,HS 2020,Titularprofessuren,52,13.5,21.2
2020,HS 2020,Privatdozierende,95,31.6,51.6
2020,HS 2020,Lehrbeauftragte,279,34.5,54
2020,HS 2020,Zentrale Dienste der Universität,53,71.7,26.4
2020,HS 2020,Professuren,,,
2020,HS 2020,Titularprofessuren,2,50,
2020,HS 2020,Privatdozierende,1,,
2020,HS 2020,Lehrbeauftragte,50,74,28
2020,HS 2020,Schwerpunkt Forschung und Lehre,14,35.7,92.9
2020,HS 2020,Professuren,10,50,90
2020,HS 2020,Titularprofessuren,,,
2020,HS 2020,Privatdozierende,,,
2020,HS 2020,Lehrbeauftragte,4,,100
2020,HS 2020,Total,35.8,40.6,
2020,HS 2020,Professuren 1 2 6,718,25.1,54.5
2020,HS 2020,Titularprofessuren,651,18.9,19
2020,HS 2020,Privatdozierende,951,28.1,41.7
2020,HS 2020,Lehrbeauftragte,45,41.6,
2020,HS 2020,Theologische Fakultät,15,,53.3
2020,HS 2020,Rechtswissenschaftliche Fakultät,55,,38.2
2020,HS 2020,Wirtschaftswissenschaftliche Fakultät,95,,72.6
2020,HS 2020,Medizinische Fakultät,203,,47.3
2020,HS 2020,Vetsuisse-Fakultät,38,,42.1
2020,HS 2020,Philosophische Fakultät,186,,53.8
2020,HS 2020,Mathematisch-naturwissenschaftliche Fakultät,116,,62.1
2020,HS 2019,Theologische Fakultät,78,32.1,41
2020,HS 2019,Professuren,17,17.6,52.9
2020,HS 2019,Titularprofessuren,11,18.2,27.3
2020,HS 2019,Privatdozierende,16,18.8,56.3
2020,HS 2019,Lehrbeauftragte,34,50,32.4
2020,HS 2019,Rechtswissenschaftliche Fakultät,205,27.8,19
2020,HS 2019,Professuren 1 2,54,25.9,37
2020,HS 2019,Titularprofessuren,40,17.5,2.5
2020,HS 2019,Privatdozierende,31,35.5,19.4
2020,HS 2019,Lehrbeauftragte,80,31.3,15
2020,HS 2019,Wirtschaftswissenschaftliche Fakultät,325,20,57.2
2020,HS 2019,Professuren 1 2,89,14.6,71.9
2020,HS 2019,Titularprofessuren,21,9.5,23.8
2020,HS 2019,Privatdozierende,31,25.8,45.2
2020,HS 2019,Lehrbeauftragte,184,22.8,56
2020,HS 2019,Medizinische Fakultät,31.6,35.2,
2020,HS 2019,Professuren 1 2,206,14.1,49.5
2020,HS 2019,Titularprofessuren,387,16.3,19.6
2020,HS 2019,Privatdozierende,590,24.4,40.2
2020,HS 2019,Lehrbeauftragte,40.8,35.1,
2020,HS 2019,Vetsuisse-Fakultät,141,46.8,44
2020,HS 2019,Professuren,37,32.4,43.2
2020,HS 2019,Titularprofessuren,21,28.6,38.1
2020,HS 2019,Privatdozierende,30,46.7,60
2020,HS 2019,Lehrbeauftragte,53,64.2,37.7
2020,HS 2019,Philosophische Fakultät,50.9,43.6,
2020,HS 2019,Professuren,185,38.4,54.1
2020,HS 2019,Titularprofessuren,102,33.3,14.7
2020,HS 2019,Privatdozierende,113,40.7,42.5
2020,HS 2019,Lehrbeauftragte,763,57.4,45.1
2020,HS 2019,Mathematisch-naturwissenschaftliche Fakultät,528,28.6,53.4
2020,HS 2019,Professuren 1 2,113,19.5,61.1
2020,HS 2019,Titularprofessuren,52,13.5,23.1
2020,HS 2019,Privatdozierende,89,29.2,51.7
2020,HS 2019,Lehrbeauftragte,274,35,56.6
2020,HS 2019,Zentrale Dienste der Universität,55,72.7,34.5
2020,HS 2019,Professuren,,,
2020,HS 2019,Titularprofessuren,,,
2020,HS 2019,Privatdozierende,1,,
2020,HS 2019,Lehrbeauftragte,54,74.1,35.2
2020,HS 2019,Schwerpunkt Forschung und Lehre,14,64.3,78.6
2020,HS 2019,Professuren,12,50,83.3
2020,HS 2019,Titularprofessuren,,,
2020,HS 2019,Privatdozierende,,,
2020,HS 2019,Lehrbeauftragte,2,50,50
2020,HS 2019,Total,35.6,40.1,
2020,HS 2019,Professuren 1 2 6,713,23.8,54.5
2020,HS 2019,Titularprofessuren,634,19.2,18.9
2020,HS 2019,Privatdozierende,901,28,41.9
2020,HS 2019,Lehrbeauftragte,44.4,40.6,
2019,HS 2019,Theologische Fakultät,78,32.1,41
2019,HS 2019,Professuren,17,17.6,52.9
2019,HS 2019,Titularprofessuren,11,18.2,27.3
2019,HS 2019,Privatdozierende,16,18.8,56.3
2019,HS 2019,Externe Lehrpersonen,34,50,32.4
2019,HS 2019,Rechtswissenschaftliche Fakultät,205,27.8,19
2019,HS 2019,Professuren,54,25.9,37
2019,HS 2019,Titularprofessuren,40,17.5,2.5
2019,HS 2019,Privatdozierende,31,35.5,19.4
2019,HS 2019,Externe Lehrpersonen,80,31.3,15
2019,HS 2019,Wirtschaftswissenschaftliche Fakultät,325,20,57.2
2019,HS 2019,Professuren 1 3 7,89,14.6,71.9
2019,HS 2019,Titularprofessuren,21,9.5,23.8
2019,HS 2019,Privatdozierende,31,25.8,45.2
2019,HS 2019,Externe Lehrpersonen,184,22.8,56
2019,HS 2019,Medizinische Fakultät,31.6,35.2,
2019,HS 2019,Professuren 1 2 7,206,14.1,49.5
2019,HS 2019,Titularprofessuren,387,16.3,19.6
2019,HS 2019,Privatdozierende,590,24.4,40.2
2019,HS 2019,Externe Lehrpersonen,40.8,35.1,
2019,HS 2019,Vetsuisse Fakultät,141,46.8,44
2019,HS 2019,Professuren,37,32.4,43.2
2019,HS 2019,Titularprofessuren,21,28.6,38.1
2019,HS 2019,Privatdozierende,30,46.7,60
2019,HS 2019,Externe Lehrpersonen,53,64.2,37.7
2019,HS 2019,Philosophische Fakultät,50.9,43.6,
2019,HS 2019,Professuren,185,38.4,54.1
2019,HS 2019,Titularprofessuren,102,33.3,14.7
2019,HS 2019,Privatdozierende,113,40.7,42.5
2019,HS 2019,Externe Lehrpersonen,763,57.4,45.1
2019,HS 2019,Mathematisch naturwissenschaftliche Fakultät,528,28.6,53.4
2019,HS 2019,Professuren 1 2 7,113,19.5,61.1
2019,HS 2019,Titularprofessuren,52,13.5,23.1
2019,HS 2019,Privatdozierende,89,29.2,51.7
2019,HS 2019,Externe Lehrpersonen,274,35,56.6
2019,HS 2019,Zentrale Dienste der Universität,55,72.7,34.5
2019,HS 2019,Professuren,,,
2019,HS 2019,Titularprofessuren,,,
2019,HS 2019,Privatdozierende,1,,
2019,HS 2019,Externe Lehrpersonen,54,74.1,35.2
2019,HS 2019,Schwerpunkt Forschung und Lehre,14,50,78.6
2019,HS 2019,Professuren,12,50,83.3
2019,HS 2019,Titularprofessuren,,,
2019,HS 2019,Privatdozierende,,,
2019,HS 2019,Externe Lehrpersonen,2,50,50
2019,HS 2019,Total,35.6,40.1,
2019,HS 2019,Professuren 1 2 3 4 5 7,713,23.8,54.5
2019,HS 2019,Titularprofessuren,634,19.2,18.9
2019,HS 2019,Privatdozierende,901,28,41.9
2019,HS 2019,Externe Lehrpersonen,44.4,40.6,
2019,HS 2018,Theologische Fakultät,75,32,44
2019,HS 2018,Professuren,15,20,40
2019,HS 2018,Titularprofessuren,9,22.2,22.2
2019,HS 2018,Privatdozierende,15,20,46.7
2019,HS 2018,Externe Lehrpersonen,36,44.4,50
2019,HS 2018,Rechtswissenschaftliche Fakultät,199,26.6,21.1
2019,HS 2018,Professuren,54,25.9,33.3
2019,HS 2018,Titularprofessuren,38,15.8,5.3
2019,HS 2018,Privatdozierende,29,27.6,24.1
2019,HS 2018,Externe Lehrpersonen,78,32.1,19.2
2019,HS 2018,Wirtschaftswissenschaftliche Fakultät,308,19.4,56.8
2019,HS 2018,Professuren 1 3 7,86,12.8,75.6
2019,HS 2018,Titularprofessuren,19,10.5,15.8
2019,HS 2018,Privatdozierende,28,32.1,46.4
2019,HS 2018,Externe Lehrpersonen,175,21.7,53.7
2019,HS 2018,Medizinische Fakultät,30.3,34.3,
2019,HS 2018,Professuren 1 2 7,191,13.6,52.4
2019,HS 2018,Titularprofessuren,355,15.2,19.4
2019,HS 2018,Privatdozierende,509,23.8,39.1
2019,HS 2018,Externe Lehrpersonen,38.9,33.9,
2019,HS 2018,Vetsuisse Fakultät,149,46.3,46.3
2019,HS 2018,Professuren,38,28.9,39.5
2019,HS 2018,Titularprofessuren,20,30,35
2019,HS 2018,Privatdozierende,27,48.1,66.7
2019,HS 2018,Externe Lehrpersonen,64,60.9,45.3
2019,HS 2018,Philosophische Fakultät,51.3,42.8,
2019,HS 2018,Professuren,181,40.9,58
2019,HS 2018,Titularprofessuren,102,33.3,15.7
2019,HS 2018,Privatdozierende,110,41.8,40.9
2019,HS 2018,Externe Lehrpersonen,766,57.6,43.1
2019,HS 2018,Mathematisch naturwissenschaftliche Fakultät,587,27.8,52.1
2019,HS 2018,Professuren 1 2 7,112,17.9,60.7
2019,HS 2018,Titularprofessuren,59,11.9,20.3
2019,HS 2018,Privatdozierende,84,22.6,53.6
2019,HS 2018,Externe Lehrpersonen,332,35.2,54.5
2019,HS 2018,Zentrale Dienste der Universität,44,75,29.5
2019,HS 2018,Professuren,,,
2019,HS 2018,Titularprofessuren,,,
2019,HS 2018,Privatdozierende,,,
2019,HS 2018,Externe Lehrpersonen,44,75,29.5
2019,HS 2018,Schwerpunkt Forschung und Lehre,14,64.3,78.6
2019,HS 2018,Professuren,13,61.5,76.9
2019,HS 2018,Titularprofessuren,,,
2019,HS 2018,Privatdozierende,,,
2019,HS 2018,Externe Lehrpersonen,1,100,100
2019,HS 2018,Total,35.1,39.8,
2019,HS 2018,Professuren 1 2 3 4 5 7,690,24.3,56.1
2019,HS 2018,Titularprofessuren,602,18.4,18.4
2019,HS 2018,Privatdozierende,802,27.3,41.6
2019,HS 2018,Externe Lehrpersonen,43.4,39.9,
2018,HS 2018,Theologische Fakultät,75,32,44
2018,HS 2018,Professuren,15,20,40
2018,HS 2018,Titularprofessuren,9,22.2,22.2
2018,HS 2018,Privatdozierende,15,20,46.7
2018,HS 2018,Externe Lehrpersonen,36,44.4,50
2018,HS 2018,Rechtswissenschaftliche Fakultät,202,27.2,21.3
2018,HS 2018,Professuren 1 7,57,28.1,33.3
2018,HS 2018,Titularprofessuren,38,15.8,5.3
2018,HS 2018,Privatdozierende,29,27.6,24.1
2018,HS 2018,Externe Lehrpersonen,78,32.1,19.2
2018,HS 2018,Wirtschaftswissenschaftliche Fakultät,311,19.9,57.2
2018,HS 2018,Professuren 1 3 7,89,14.6,76.4
2018,HS 2018,Titularprofessuren,19,10.5,15.8
2018,HS 2018,Privatdozierende,28,32.1,46.4
2018,HS 2018,Externe Lehrpersonen,175,21.7,53.7
2018,HS 2018,Medizinische Fakultät,30.3,34.3,
2018,HS 2018,Professuren 1 2,193,14,52.3
2018,HS 2018,Titularprofessuren,355,15.2,19.4
2018,HS 2018,Privatdozierende,509,23.8,39.1
2018,HS 2018,Externe Lehrpersonen,38.9,33.9,
2018,HS 2018,Vetsuisse-Fakultät,149,46.3,46.3
2018,HS 2018,Professuren,38,28.9,39.5
2018,HS 2018,Titularprofessuren,20,30,35
2018,HS 2018,Privatdozierende,27,48.1,66.7
2018,HS 2018,Externe Lehrpersonen,64,60.9,45.3
2018,HS 2018,Philosophische Fakultät,51.3,42.8,
2018,HS 2018,Professuren,181,40.9,58
2018,HS 2018,Titularprofessuren,102,33.3,15.7
2018,HS 2018,Privatdozierende,110,41.8,40.9
2018,HS 2018,Externe Lehrpersonen,766,57.6,43.1
2018,HS 2018,Mathematisch-naturwissenschaftliche Fakultät,592,28,52.5
2018,HS 2018,Professuren 1 2 7,117,19.7,62.4
2018,HS 2018,Titularprofessuren,59,11.9,20.3
2018,HS 2018,Privatdozierende,84,22.6,53.6
2018,HS 2018,Externe Lehrpersonen,332,35.2,54.5
2018,HS 2018,Zentrale Dienste der Universität,44,75,29.5
2018,HS 2018,Professuren,,,
2018,HS 2018,Titularprofessuren,,,
2018,HS 2018,Privatdozierende,,,
2018,HS 2018,Externe Lehrpersonen 34,44,75,29.5
2018,HS 2018,Total,35.1,39.8,
2018,HS 2018,Professuren,690,24.3,56.1
2018,HS 2018,Titularprofessuren,602,18.4,18.4
2018,HS 2018,Privatdozierende,802,27.3,41.6
2018,HS 2018,Externe Lehrpersonen 34,43.4,39.9,
2018,HS 2017,Theologische Fakultät,79,36.7,41.8
2018,HS 2017,Professuren,16,25,43.8
2018,HS 2017,Titularprofessuren,7,14.3,14.3
2018,HS 2017,Privatdozierende,16,18.8,43.8
2018,HS 2017,Externe Lehrpersonen,40,52.5,45
2018,HS 2017,Rechtswissenschaftliche Fakultät,219,26.9,24.2
2018,HS 2017,Professuren 1 7,55,29.1,34.5
2018,HS 2017,Titularprofessuren,37,13.5,5.4
2018,HS 2017,Privatdozierende,32,34.4,25
2018,HS 2017,Externe Lehrpersonen,95,28.4,25.3
2018,HS 2017,Wirtschaftswissenschaftliche Fakultät,290,18.3,55.9
2018,HS 2017,Professuren 1 3 7,86,14,76.7
2018,HS 2017,Titularprofessuren,18,11.1,22.2
2018,HS 2017,Privatdozierende,28,28.6,46.4
2018,HS 2017,Externe Lehrpersonen,158,19.6,50
2018,HS 2017,Medizinische Fakultät,29.9,33,
2018,HS 2017,Professuren 1 2,196,14.8,51.5
2018,HS 2017,Titularprofessuren,364,15.9,19.2
2018,HS 2017,Privatdozierende,491,23.2,37.1
2018,HS 2017,Externe Lehrpersonen,38.2,32.5,
2018,HS 2017,Vetsuisse-Fakultät,149,45,47
2018,HS 2017,Professuren,38,28.9,44.7
2018,HS 2017,Titularprofessuren,21,23.8,38.1
2018,HS 2017,Privatdozierende,27,50,65.4
2018,HS 2017,Externe Lehrpersonen,63,58.7,42.9
2018,HS 2017,Philosophische Fakultät,50.2,43.1,
2018,HS 2017,Professuren,179,40.2,58.7
2018,HS 2017,Titularprofessuren,95,33.7,10.5
2018,HS 2017,Privatdozierende,100,40,41
2018,HS 2017,Externe Lehrpersonen,762,55.9,43.8
2018,HS 2017,Mathematisch-naturwissenschaftliche Fakultät,569,26.9,51.8
2018,HS 2017,Professuren 1 2 7,110,15.5,62.7
2018,HS 2017,Titularprofessuren,53,9.4,18.9
2018,HS 2017,Privatdozierende,82,20.7,52.4
2018,HS 2017,Externe Lehrpersonen,324,35.2,53.4
2018,HS 2017,Zentrale Dienste der Universität,43,74.4,30.2
2018,HS 2017,Professuren,,,
2018,HS 2017,Titularprofessuren,,,
2018,HS 2017,Privatdozierende,,,
2018,HS 2017,Externe Lehrpersonen 34,43,74.4,30.2
2018,HS 2017,Total,34.4,39,
2018,HS 2017,Professuren,680,23.7,56.5
2018,HS 2017,Titularprofessuren,595,18.2,17.6
2018,HS 2017,Privatdozierende,776,26.5,40.1
2018,HS 2017,Externe Lehrpersonen 34,42.5,39.1,
2017,HS 2017,Theologische Fakultät,78,35.9,41
2017,HS 2017,Professuren,15,20,40
2017,HS 2017,Titularprofessuren,7,14.3,14.3
2017,HS 2017,Privatdozierende,16,18.8,43.8
2017,HS 2017,Lehrbeauftragte,40,52.5,45
2017,HS 2017,Rechtswissenschaftliche Fakultät,219,27.4,23.7
2017,HS 2017,Professuren,55,30.9,32.7
2017,HS 2017,Titularprofessuren,37,13.5,5.4
2017,HS 2017,Privatdozierende,32,34.4,25
2017,HS 2017,Lehrbeauftragte,95,28.4,25.3
2017,HS 2017,Wirtschaftswissenschaftliche Fakultät,289,18.3,55.7
2017,HS 2017,Professuren,85,14.1,76.5
2017,HS 2017,Titularprofessuren,18,11.1,22.2
2017,HS 2017,Privatdozierende,28,28.6,46.4
2017,HS 2017,Lehrbeauftragte,158,19.6,50
2017,HS 2017,Medizinische Fakultät,29.9,33,
2017,HS 2017,Professuren 1 2,194,14.9,51.5
2017,HS 2017,Titularprofessuren,364,15.9,19.2
2017,HS 2017,Privatdozierende,491,23.2,37.1
2017,HS 2017,Lehrbeauftragte,38.2,32.5,
2017,HS 2017,Vetsuisse-Fakultät,149,44.6,46.6
2017,HS 2017,Professuren,38,28.9,44.7
2017,HS 2017,Titularprofessuren,21,23.8,38.1
2017,HS 2017,Privatdozierende,27,50,65.4
2017,HS 2017,Lehrbeauftragte,63,58.7,42.9
2017,HS 2017,Philosophische Fakultät,50.2,43,
2017,HS 2017,Professuren,173,39.9,58.4
2017,HS 2017,Titularprofessuren,95,33.7,10.5
2017,HS 2017,Privatdozierende,100,40,41
2017,HS 2017,Lehrbeauftragte,762,55.9,43.8
2017,HS 2017,Mathematisch-naturwissenschaftliche Fakultät,574,26.5,51.7
2017,HS 2017,Professuren 12,115,13.9,61.7
2017,HS 2017,Titularprofessuren,53,9.4,18.9
2017,HS 2017,Privatdozierende,82,20.7,52.4
2017,HS 2017,Lehrbeauftragte,324,35.2,53.4
2017,HS 2017,Zentrale Dienste der Universität,43,74.4,30.2
2017,HS 2017,Professuren,,,
2017,HS 2017,Titularprofessuren,,,
2017,HS 2017,Privatdozierende,,,
2017,HS 2017,Lehrbeauftragte 34,43,74.4,30.2
2017,HS 2017,Total,34.3,39,
2017,HS 2017,Professuren,675,23.3,56
2017,HS 2017,Titularprofessuren,595,18.2,17.6
2017,HS 2017,Privatdozierende,776,26.5,40.1
2017,HS 2017,Lehrbeauftragte 34,42.5,39.1,
2017,HS 2016,Theologische Fakultät,74,29.7,41.9
2017,HS 2016,Professuren,15,20,46.7
2017,HS 2016,Titularprofessuren,8,12.5,25
2017,HS 2016,Privatdozierende,14,14.3,57.1
2017,HS 2016,Lehrbeauftragte,37,43.2,37.8
2017,HS 2016,Rechtswissenschaftliche Fakultät,190,26.8,23.2
2017,HS 2016,Professuren,51,29.4,31.4
2017,HS 2016,Titularprofessuren,32,12.5,3.1
2017,HS 2016,Privatdozierende,27,33.3,25.9
2017,HS 2016,Lehrbeauftragte,80,28.8,25
2017,HS 2016,Wirtschaftswissenschaftliche Fakultät,293,19.1,53.6
2017,HS 2016,Professuren,80,13.8,77.5
2017,HS 2016,Titularprofessuren,17,11.8,23.5
2017,HS 2016,Privatdozierende,29,27.6,41.4
2017,HS 2016,Lehrbeauftragte,167,21,47.3
2017,HS 2016,Medizinische Fakultät,28.2,32.9,
2017,HS 2016,Professuren 1 2,190,14.2,50
2017,HS 2016,Titularprofessuren,344,16.6,18.9
2017,HS 2016,Privatdozierende,476,21.2,37.4
2017,HS 2016,Lehrbeauftragte,35.4,32.5,
2017,HS 2016,Vetsuisse-Fakultät,154,41.6,53.9
2017,HS 2016,Professuren,39,28.2,41
2017,HS 2016,Titularprofessuren,20,20,40
2017,HS 2016,Privatdozierende,30,36.7,43.3
2017,HS 2016,Lehrbeauftragte,65,58.5,46.2
2017,HS 2016,Philosophische Fakultät,48.3,44.3,
2017,HS 2016,Professuren,169,38.5,59.8
2017,HS 2016,Titularprofessuren,86,32.6,9.3
2017,HS 2016,Privatdozierende,101,39.6,36.6
2017,HS 2016,Lehrbeauftragte,786,53.3,45.8
2017,HS 2016,Mathematisch-naturwissenschaftliche Fakultät,594,27.3,54.2
2017,HS 2016,Professuren 12,117,13.7,60.7
2017,HS 2016,Titularprofessuren,45,8.9,15.6
2017,HS 2016,Privatdozierende,74,18.9,54.1
2017,HS 2016,Lehrbeauftragte,358,35.8,57
2017,HS 2016,Zentrale Dienste der Universität,39,71.8,25.6
2017,HS 2016,Professuren,,,
2017,HS 2016,Titularprofessuren,,,
2017,HS 2016,Privatdozierende,,,
2017,HS 2016,Lehrbeauftragte 34,39,71.8,25.6
2017,HS 2016,Total,33,39.5,
2017,HS 2016,Professuren,661,22.4,55.7
2017,HS 2016,Titularprofessuren,552,18.1,17.2
2017,HS 2016,Privatdozierende,751,24.6,39.8
2017,HS 2016,Lehrbeauftragte 34,40.4,40,
2016,HS 2016,Theologische Fakultät,74,29.7,41.9
2016,HS 2016,Professuren,15,20,46.7
2016,HS 2016,Titularprofessuren,8,12.5,25
2016,HS 2016,Privatdozierende,14,14.3,57.1
2016,HS 2016,Lehrbeauftragte,37,43.2,37.8
2016,HS 2016,Rechtswissenschaftliche Fakultät,190,26.8,23.2
2016,HS 2016,Professuren,51,29.4,31.4
2016,HS 2016,Titularprofessuren,32,12.5,3.1
2016,HS 2016,Privatdozierende,27,33.3,25.9
2016,HS 2016,Lehrbeauftragte,80,28.8,25
2016,HS 2016,Wirtschaftswissenschaftliche Fakultät,293,19.1,53.6
2016,HS 2016,Professuren,80,13.8,77.5
2016,HS 2016,Titularprofessuren,17,11.8,23.5
2016,HS 2016,Privatdozierende,29,27.6,41.4
2016,HS 2016,Lehrbeauftragte,167,21,47.3
2016,HS 2016,Medizinische Fakultät,28.2,32.9,
2016,HS 2016,Professuren 1 2,190,14.2,50
2016,HS 2016,Titularprofessuren,344,16.6,18.9
2016,HS 2016,Privatdozierende,476,21.2,37.4
2016,HS 2016,Lehrbeauftragte,35.4,32.5,
2016,HS 2016,Vetsuisse-Fakultät,154,41.6,53.9
2016,HS 2016,Professuren,39,28.2,41
2016,HS 2016,Titularprofessuren,20,20,40
2016,HS 2016,Privatdozierende,30,36.7,43.3
2016,HS 2016,Lehrbeauftragte,65,58.5,46.2
2016,HS 2016,Philosophische Fakultät,48.3,44.3,
2016,HS 2016,Professuren,169,38.5,59.8
2016,HS 2016,Titularprofessuren,86,32.6,9.3
2016,HS 2016,Privatdozierende,101,39.6,36.6
2016,HS 2016,Lehrbeauftragte,786,53.3,45.8
2016,HS 2016,Mathematisch-naturwissenschaftliche Fakultät,594,27.3,54.2
2016,HS 2016,Professuren 12,117,13.7,60.7
2016,HS 2016,Titularprofessuren,45,8.9,15.6
2016,HS 2016,Privatdozierende,74,18.9,54.1
2016,HS 2016,Lehrbeauftragte,358,35.8,57
2016,HS 2016,Zentrale Dienste der Universität,39,71.8,25.6
2016,HS 2016,Professuren,0,0,0
2016,HS 2016,Titularprofessuren,0,0,0
2016,HS 2016,Privatdozierende,0,0,0
2016,HS 2016,Lehrbeauftragte 34,39,71.8,25.6
2016,HS 2016,Total,33,39.5,
2016,HS 2016,Professuren,661,22.4,55.7
2016,HS 2016,Titularprofessuren,552,18.1,17.2
2016,HS 2016,Privatdozierende,751,24.6,39.8
2016,HS 2016,Lehrbeauftragte 34,40.4,40,
2016,HS 2015,Theologische Fakultät,70,24.3,42.9
2016,HS 2015,Professuren,14,21.4,50
2016,HS 2015,Titularprofessuren,9,11.1,22.2
2016,HS 2015,Privatdozierende,12,25,50
2016,HS 2015,Lehrbeauftragte,35,28.6,42.9
2016,HS 2015,Rechtswissenschaftliche Fakultät,180,25.6,25
2016,HS 2015,Professuren,52,30.8,32.7
2016,HS 2015,Titularprofessuren,28,14.3,3.6
2016,HS 2015,Privatdozierende,27,33.3,7.4
2016,HS 2015,Lehrbeauftragte,73,23.3,34.2
2016,HS 2015,Wirtschaftswissenschaftliche Fakultät,293,19.1,53.2
2016,HS 2015,Professuren,74,12.2,75.7
2016,HS 2015,Titularprofessuren,17,11.8,23.5
2016,HS 2015,Privatdozierende,30,26.7,40
2016,HS 2015,Lehrbeauftragte,172,21.5,48.8
2016,HS 2015,Medizinische Fakultät,27.3,33.1,
2016,HS 2015,Professuren 1 2,182,14.3,50
2016,HS 2015,Titularprofessuren,316,14.9,17.7
2016,HS 2015,Privatdozierende,462,19.7,37.4
2016,HS 2015,Lehrbeauftragte,35.1,33,
2016,HS 2015,Vetsuisse-Fakultät,150,39.6,43
2016,HS 2015,Professuren,39,28.2,41
2016,HS 2015,Titularprofessuren,19,15.8,47.4
2016,HS 2015,Privatdozierende,28,33.3,51.9
2016,HS 2015,Lehrbeauftragte,64,56.3,39.1
2016,HS 2015,Philosophische Fakultät,48.6,43.7,
2016,HS 2015,Professuren,158,36.7,60.1
2016,HS 2015,Titularprofessuren,86,33.7,9.3
2016,HS 2015,Privatdozierende,91,44,33
2016,HS 2015,Lehrbeauftragte,790,53.2,45.4
2016,HS 2015,Mathematisch-naturwissenschaftliche Fakultät,573,25.7,52
2016,HS 2015,Professuren 12,115,13,60.9
2016,HS 2015,Titularprofessuren,41,9.8,12.2
2016,HS 2015,Privatdozierende,76,17.1,53.9
2016,HS 2015,Lehrbeauftragte,341,33.7,53.4
2016,HS 2015,Zentrale Dienste der Universität,39,69.2,30.8
2016,HS 2015,Professuren,0,0,0
2016,HS 2015,Titularprofessuren,0,0,0
2016,HS 2015,Privatdozierende,0,0,0
2016,HS 2015,Lehrbeauftragte 34,39,69.2,30.8
2016,HS 2015,Total,32.4,39.4,
2016,HS 2015,Professuren,634,21.8,55.5
2016,HS 2015,Titularprofessuren,516,17.4,16.5
2016,HS 2015,Privatdozierende,727,23.8,38.3
2016,HS 2015,Lehrbeauftragte 34,39.8,40.3,
2015,HS 2015,Theologische Fakultät,70,24.3,42.9
2015,HS 2015,Professuren,14,21.4,50
2015,HS 2015,Titularprofessuren,9,11.1,22.2
2015,HS 2015,Privatdozierende,12,25,50
2015,HS 2015,Lehrbeauftragte,35,28.6,42.9
2015,HS 2015,Rechtswissenschaftliche Fakultät,180,25.6,25
2015,HS 2015,Professuren,52,30.8,32.7
2015,HS 2015,Titularprofessuren,28,14.3,3.6
2015,HS 2015,Privatdozierende,27,33.3,7.4
2015,HS 2015,Lehrbeauftragte,73,23.3,34.2
2015,HS 2015,Wirtschaftswissenschaftliche Fakultät,293,19.1,53.2
2015,HS 2015,Professuren,74,12.2,75.7
2015,HS 2015,Titularprofessuren,17,11.8,23.5
2015,HS 2015,Privatdozierende,30,26.7,40
2015,HS 2015,Lehrbeauftragte,172,21.5,48.8
2015,HS 2015,Medizinische Fakultät,27.3,33.1,
2015,HS 2015,Professuren,182,14.3,50
2015,HS 2015,Titularprofessuren,316,14.9,17.7
2015,HS 2015,Privatdozierende,462,19.7,37.4
2015,HS 2015,Lehrbeauftragte,35.1,33,
2015,HS 2015,Vetsuisse-Fakultät,150,39.6,43
2015,HS 2015,Professuren,39,28.2,41
2015,HS 2015,Titularprofessuren,19,15.8,47.4
2015,HS 2015,Privatdozierende,28,33.3,51.9
2015,HS 2015,Lehrbeauftragte,64,56.3,39.1
2015,HS 2015,Philosophische Fakultät,48.6,43.7,
2015,HS 2015,Professuren,158,36.7,60.1
2015,HS 2015,Titularprofessuren,86,33.7,9.3
2015,HS 2015,Privatdozierende,91,44,33
2015,HS 2015,Lehrbeauftragte,790,53.2,45.4
2015,HS 2015,Mathematisch-naturwissenschaftliche Fakultät,573,25.7,52
2015,HS 2015,Professuren 12,115,13,60.9
2015,HS 2015,Titularprofessuren,41,9.8,12.2
2015,HS 2015,Privatdozierende,76,17.1,53.9
2015,HS 2015,Lehrbeauftragte,341,33.7,53.4
2015,HS 2015,Zentrale Dienste der Universität,39,69.2,30.8
2015,HS 2015,Professuren,0,0,0
2015,HS 2015,Titularprofessuren,0,0,0
2015,HS 2015,Privatdozierende,0,0,0
2015,HS 2015,Lehrbeauftragte 34,39,69.2,30.8
2015,HS 2015,Total,32.4,39.4,
2015,HS 2015,Professuren,634,21.8,55.5
2015,HS 2015,Titularprofessuren,516,17.4,16.5
2015,HS 2015,Privatdozierende,727,23.8,38.3
2015,HS 2015,Lehrbeauftragte,39.8,40.3,
2015,HS 2014,Theologische Fakultät,61,27.9,45.9
2015,HS 2014,Professuren,14,21.4,50
2015,HS 2014,Titularprofessuren,7,14.3,14.3
2015,HS 2014,Privatdozierende,11,27.3,45.5
2015,HS 2014,Lehrbeauftragte,29,34.5,51.7
2015,HS 2014,Rechtswissenschaftliche Fakultät,183,27.9,21.3
2015,HS 2014,Professuren,52,30.8,34.6
2015,HS 2014,Titularprofessuren,27,14.8,3.7
2015,HS 2014,Privatdozierende,23,34.8,8.7
2015,HS 2014,Lehrbeauftragte,81,28.4,22.2
2015,HS 2014,Wirtschaftswissenschaftliche Fakultät,304,20.4,54.6
2015,HS 2014,Professuren,75,13.3,74.7
2015,HS 2014,Titularprofessuren,17,11.8,23.5
2015,HS 2014,Privatdozierende,28,25,42.9
2015,HS 2014,Lehrbeauftragte,184,23.4,51.1
2015,HS 2014,Medizinische Fakultät,27.4,32.6,
2015,HS 2014,Professuren,168,13.1,50
2015,HS 2014,Titularprofessuren,307,14,17.3
2015,HS 2014,Privatdozierende,429,19.1,37.8
2015,HS 2014,Lehrbeauftragte,1180,35.8,32.2
2015,HS 2014,Vetsuisse-Fakultät,143,37.1,41.3
2015,HS 2014,Professuren,34,23.5,38.2
2015,HS 2014,Titularprofessuren,21,14.3,47.6
2015,HS 2014,Privatdozierende,29,34.5,41.4
2015,HS 2014,Lehrbeauftragte,59,54.2,40.7
2015,HS 2014,Philosophische Fakultät,1151,49.2,42.4
2015,HS 2014,Professuren,157,35,58.6
2015,HS 2014,Titularprofessuren,83,34.9,10.8
2015,HS 2014,Privatdozierende,92,44.6,27.2
2015,HS 2014,Lehrbeauftragte,819,53.8,44.2
2015,HS 2014,Mathematisch-naturwissenschaftliche Fakultät,562,25.6,54.8
2015,HS 2014,Professuren 12,112,14.3,60.7
2015,HS 2014,Titularprofessuren,39,10.3,12.8
2015,HS 2014,Privatdozierende,75,16,53.3
2015,HS 2014,Lehrbeauftragte,336,33.3,58
2015,HS 2014,Zentrale Dienste der Universität,36,72.2,33.3
2015,HS 2014,Professuren,0,0,0
2015,HS 2014,Titularprofessuren,0,0,0
2015,HS 2014,Privatdozierende,0,0,0
2015,HS 2014,Lehrbeauftragte 34,36,72.2,33.3
2015,HS 2014,Total,4524,32.9,39.3
2015,HS 2014,Professuren,612,21.2,55.2
2015,HS 2014,Titularprofessuren,501,17.2,16.6
2015,HS 2014,Privatdozierende,687,23.7,37.6
2015,HS 2014,Lehrbeauftragte,40.7,40.4,
2014,HS 2014,Theologische Fakultät,61,27.9,45.9
2014,HS 2014,Professuren,14,21.4,50
2014,HS 2014,Titularprofessuren,7,14.3,14.3
2014,HS 2014,Privatdozierende,11,27.3,45.5
2014,HS 2014,Lehrbeauftragte,29,34.5,51.7
2014,HS 2014,Rechtswissenschaftliche Fakultät,183,27.9,21.3
2014,HS 2014,Professuren,52,30.8,34.6
2014,HS 2014,Titularprofessuren,27,14.8,3.7
2014,HS 2014,Privatdozierende,23,34.8,8.7
2014,HS 2014,Lehrbeauftragte,81,28.4,22.2
2014,HS 2014,Wirtschaftswissenschaftliche Fakultät,304,20.4,54.6
2014,HS 2014,Professuren,75,13.3,74.7
2014,HS 2014,Titularprofessuren,17,11.8,23.5
2014,HS 2014,Privatdozierende,28,25,42.9
2014,HS 2014,Lehrbeauftragte,184,23.4,51.1
2014,HS 2014,Medizinische Fakultät,27.4,32.6,
2014,HS 2014,Professuren,168,13.1,50
2014,HS 2014,Titularprofessuren,307,14,17.3
2014,HS 2014,Privatdozierende,429,19.1,37.8
2014,HS 2014,Lehrbeauftragte,1180,35.8,32.2
2014,HS 2014,Vetsuisse-Fakultät,143,37.1,41.3
2014,HS 2014,Professuren,34,23.5,38.2
2014,HS 2014,Titularprofessuren,21,14.3,47.6
2014,HS 2014,Privatdozierende,29,34.5,41.4
2014,HS 2014,Lehrbeauftragte,59,54.2,40.7
2014,HS 2014,Philosophische Fakultät,1151,49.2,42.4
2014,HS 2014,Professuren,157,35,58.6
2014,HS 2014,Titularprofessuren,83,34.9,10.8
2014,HS 2014,Privatdozierende,92,44.6,27.2
2014,HS 2014,Lehrbeauftragte,819,53.8,44.2
2014,HS 2014,Mathematisch-naturwissenschaftliche Fakultät,562,25.6,54.8
2014,HS 2014,Professuren 12,112,14.3,60.7
2014,HS 2014,Titularprofessuren,39,10.3,12.8
2014,HS 2014,Privatdozierende,75,16,53.3
2014,HS 2014,Lehrbeauftragte,336,33.3,58
2014,HS 2014,Zentrale Dienste der Universität,36,72.2,33.3
2014,HS 2014,Professuren,0,0,0
2014,HS 2014,Titularprofessuren,0,0,0
2014,HS 2014,Privatdozierende,0,0,0
2014,HS 2014,Lehrbeauftragte 34,36,72.2,33.3
2014,HS 2014,Total,4524,32.9,39.3
2014,HS 2014,Professuren,612,21.2,55.2
2014,HS 2014,Titularprofessuren,501,17.2,16.6
2014,HS 2014,Privatdozierende,687,23.7,37.6
2014,HS 2014,Lehrbeauftragte,40.7,40.4,
2014,HS 2013,Theologische Fakultät,63,30.2,39.7
2014,HS 2013,Professuren,14,21.4,50
2014,HS 2013,Titularprofessuren,7,14.3,14.3
2014,HS 2013,Privatdozierende,8,25,50
2014,HS 2013,Lehrbeauftragte,34,38.2,38.2
2014,HS 2013,Rechtswissenschaftliche Fakultät,167,24,22.8
2014,HS 2013,Professuren,48,27.1,35.4
2014,HS 2013,Titularprofessuren,26,15.4,3.8
2014,HS 2013,Privatdozierende,20,25,5
2014,HS 2013,Lehrbeauftragte,73,24.7,26
2014,HS 2013,Wirtschaftswissenschaftliche Fakultät,293,17.4,52.9
2014,HS 2013,Professuren,71,8.5,73.2
2014,HS 2013,Titularprofessuren,17,11.8,23.5
2014,HS 2013,Privatdozierende,27,25.9,40.7
2014,HS 2013,Lehrbeauftragte,178,20.2,49.4
2014,HS 2013,Medizinische Fakultät,26.2,31.8,
2014,HS 2013,Professuren,162,12.3,48.8
2014,HS 2013,Titularprofessuren,288,12.5,15.6
2014,HS 2013,Privatdozierende,411,18.2,37.5
2014,HS 2013,Lehrbeauftragte,34.4,31.4,
2014,HS 2013,Vetsuisse-Fakultät,137,38.7,38.7
2014,HS 2013,Professuren,30,20,33.3
2014,HS 2013,Titularprofessuren,19,5.3,42.1
2014,HS 2013,Privatdozierende,33,42.4,48.5
2014,HS 2013,Lehrbeauftragte,55,58.2,34.5
2014,HS 2013,Philosophische Fakultät,1040,48,42.2
2014,HS 2013,Professuren,151,33.1,60.3
2014,HS 2013,Titularprofessuren,83,33.7,12
2014,HS 2013,Privatdozierende,92,43.5,27.2
2014,HS 2013,Lehrbeauftragte,714,53.4,43.8
2014,HS 2013,Mathematisch-naturwissenschaftliche Fakultät,535,24.9,52
2014,HS 2013,Professuren 12,108,14.8,60.2
2014,HS 2013,Titularprofessuren,39,10.3,12.8
2014,HS 2013,Privatdozierende,62,11.3,50
2014,HS 2013,Lehrbeauftragte,326,32.5,54.3
2014,HS 2013,Zentrale Dienste der Universität,40,70,25
2014,HS 2013,Professuren,0,0,0
2014,HS 2013,Titularprofessuren,0,0,0
2014,HS 2013,Privatdozierende,0,0,0
2014,HS 2013,Lehrbeauftragte 34,40,70,25
2014,HS 2013,Total,4295,31.5,38.2
2014,HS 2013,Professuren,584,19.5,55
2014,HS 2013,Titularprofessuren,479,15.9,15.4
2014,HS 2013,Privatdozierende,653,23,37.1
2014,HS 2013,Lehrbeauftragte,39.3,38.9,
2013,HS 2013,Theologische Fakultät,63,30.2,39.7
2013,HS 2013,Professuren,14,21.4,50
2013,HS 2013,Titularprofessuren,7,14.3,14.3
2013,HS 2013,Privatdozierende,8,25,50
2013,HS 2013,Lehrbeauftragte,34,38.2,38.2
2013,HS 2013,Rechtswissenschaftliche Fakultät,167,24,22.8
2013,HS 2013,Professuren,48,27.1,35.4
2013,HS 2013,Titularprofessuren,26,15.4,3.8
2013,HS 2013,Privatdozierende,20,25,5
2013,HS 2013,Lehrbeauftragte,73,24.7,26
2013,HS 2013,Wirtschaftswissenschaftliche Fakultät,293,17.4,52.9
2013,HS 2013,Professuren,71,8.5,73.2
2013,HS 2013,Titularprofessuren,17,11.8,23.5
2013,HS 2013,Privatdozierende,27,25.9,40.7
2013,HS 2013,Lehrbeauftragte,178,20.2,49.4
2013,HS 2013,Medizinische Fakultät,26.2,31.8,
2013,HS 2013,Professuren,162,12.3,48.8
2013,HS 2013,Titularprofessuren,288,12.5,15.6
2013,HS 2013,Privatdozierende,411,18.2,37.5
2013,HS 2013,Lehrbeauftragte,34.4,31.4,
2013,HS 2013,Vetsuisse-Fakultät,137,38.7,38.7
2013,HS 2013,Professuren,30,20,33.3
2013,HS 2013,Titularprofessuren,19,5.3,42.1
2013,HS 2013,Privatdozierende,33,42.4,48.5
2013,HS 2013,Lehrbeauftragte,55,58.2,34.5
2013,HS 2013,Philosophische Fakultät,48,42.2,
2013,HS 2013,Professuren,151,33.1,60.3
2013,HS 2013,Titularprofessuren,83,33.7,12
2013,HS 2013,Privatdozierende,92,43.5,27.2
2013,HS 2013,Lehrbeauftragte,714,53.4,43.8
2013,HS 2013,Mathematisch-naturwissenschaftliche Fakultät,535,24.9,52
2013,HS 2013,Professuren 13,108,14.8,60.2
2013,HS 2013,Titularprofessuren,39,10.3,12.8
2013,HS 2013,Privatdozierende,62,11.3,50
2013,HS 2013,Lehrbeauftragte,326,32.5,54.3
2013,HS 2013,Zentrale Dienste der Universität,40,70,25
2013,HS 2013,Professuren,0,0,0
2013,HS 2013,Titularprofessuren,0,0,0
2013,HS 2013,Privatdozierende,0,0,0
2013,HS 2013,Lehrbeauftragte 4 5,40,70,25
2013,HS 2013,Total,31.5,38.2,
2013,HS 2013,Professuren,584,19.5,55
2013,HS 2013,Titularprofessuren,479,15.9,15.4
2013,HS 2013,Privatdozierende,653,23,37.1
2013,HS 2013,Lehrbeauftragte,39.3,38.9,
2013,HS 2012,Theologische Fakultät,66,28.8,43.9
2013,HS 2012,Professuren,12,16.7,50
2013,HS 2012,Titularprofessuren,7,,28.6
2013,HS 2012,Privatdozierende,6,66.7,50
2013,HS 2012,Lehrbeauftragte,41,31.7,43.9
2013,HS 2012,Rechtswissenschaftliche Fakultät,186,22,23.7
2013,HS 2012,Professuren,46,23.9,32.6
2013,HS 2012,Titularprofessuren,26,15.4,3.8
2013,HS 2012,Privatdozierende,19,26.3,5.3
2013,HS 2012,Lehrbeauftragte,95,22.1,28.4
2013,HS 2012,Wirtschaftswissenschaftliche Fakultät,285,20.7,53.3
2013,HS 2012,Professuren,68,8.8,70.6
2013,HS 2012,Titularprofessuren,17,11.8,23.5
2013,HS 2012,Privatdozierende,26,26.9,42.3
2013,HS 2012,Lehrbeauftragte,174,25.3,51.1
2013,HS 2012,Medizinische Fakultät,24.6,30.4,
2013,HS 2012,Professuren,155,10.3,51
2013,HS 2012,Titularprofessuren,270,11.1,14.4
2013,HS 2012,Privatdozierende,395,18.5,34.9
2013,HS 2012,Lehrbeauftragte,32.5,29.7,
2013,HS 2012,Vetsuisse-Fakultät,131,35.9,37.4
2013,HS 2012,Professuren,26,15.4,30.8
2013,HS 2012,Titularprofessuren,19,5.3,42.1
2013,HS 2012,Privatdozierende,33,39.4,51.5
2013,HS 2012,Lehrbeauftragte,53,54.7,30.2
2013,HS 2012,Philosophische Fakultät,47.2,43.6,
2013,HS 2012,Professuren,144,31.9,61.8
2013,HS 2012,Titularprofessuren,81,30.9,13.6
2013,HS 2012,Privatdozierende,92,41.3,25
2013,HS 2012,Lehrbeauftragte,802,52.2,45.5
2013,HS 2012,Mathematisch-naturwissenschaftliche Fakultät,503,23.7,51.7
2013,HS 2012,Professuren 13,101,14.9,60.4
2013,HS 2012,Titularprofessuren,34,11.8,8.8
2013,HS 2012,Privatdozierende,60,8.3,45
2013,HS 2012,Lehrbeauftragte,308,30.8,54.9
2013,HS 2012,Zentrale Dienste der Universität,33,69.7,27.3
2013,HS 2012,Professuren,0,0,0
2013,HS 2012,Titularprofessuren,0,0,0
2013,HS 2012,Privatdozierende,0,0,0
2013,HS 2012,Lehrbeauftragte 4 5,33,69.7,27.3
2013,HS 2012,Total,30.9,38.2,
2013,HS 2012,Professuren,552,18.1,55.4
2013,HS 2012,Titularprofessuren,454,14.5,15
2013,HS 2012,Privatdozierende,631,23,34.9
2013,HS 2012,Lehrbeauftragte,38.6,39.3,
2012,HS 2012,Theologische Fakultät,66,28.8,43.9
2012,HS 2012,Professuren,12,16.7,50
2012,HS 2012,Titularprofessuren,7,,28.6
2012,HS 2012,Privatdozierende,6,66.7,50
2012,HS 2012,Lehrbeauftragte,41,31.7,43.9
2012,HS 2012,Rechtswissenschaftliche Fakultät,186,22,23.7
2012,HS 2012,Professuren,46,23.9,32.6
2012,HS 2012,Titularprofessuren,26,15.4,3.8
2012,HS 2012,Privatdozierende,19,26.3,5.3
2012,HS 2012,Lehrbeauftragte,95,22.1,28.4
2012,HS 2012,Wirtschaftswissenschaftliche Fakultät,285,20.7,53.3
2012,HS 2012,Professuren,68,8.8,70.6
2012,HS 2012,Titularprofessuren,17,11.8,23.5
2012,HS 2012,Privatdozierende,26,26.9,42.3
2012,HS 2012,Lehrbeauftragte,174,25.3,51.1
2012,HS 2012,Medizinische Fakultät,24.6,30.4,
2012,HS 2012,Professuren,155,10.3,51
2012,HS 2012,Titularprofessuren,270,11.1,14.4
2012,HS 2012,Privatdozierende,395,18.5,34.9
2012,HS 2012,Lehrbeauftragte,32.5,29.7,
2012,HS 2012,Vetsuisse-Fakultät,131,35.9,37.4
2012,HS 2012,Professuren,26,15.4,30.8
2012,HS 2012,Titularprofessuren,19,5.3,42.1
2012,HS 2012,Privatdozierende,33,39.4,51.5
2012,HS 2012,Lehrbeauftragte,53,54.7,30.2
2012,HS 2012,Philosophische Fakultät,47.2,43.6,
2012,HS 2012,Professuren,144,31.9,61.8
2012,HS 2012,Titularprofessuren,81,30.9,13.6
2012,HS 2012,Privatdozierende,92,41.3,25
2012,HS 2012,Lehrbeauftragte,802,52.2,45.5
2012,HS 2012,Mathematisch-naturwissenschaftliche Fakultät,503,23.7,51.7
2012,HS 2012,Professuren 3 5,101,14.9,60.4
2012,HS 2012,Titularprofessuren,34,11.8,8.8
2012,HS 2012,Privatdozierende,60,8.3,45
2012,HS 2012,Lehrbeauftragte,308,30.8,54.9
2012,HS 2012,Zentrale Dienste der Universität,33,69.7,27.3
2012,HS 2012,Lehrbeauftragte,33,69.7,27.3
2012,HS 2012,Total,30.9,38.2,
2012,HS 2012,Professuren 3 4 5 8,552,18.1,55.4
2012,HS 2012,Titularprofessuren,454,14.5,15
2012,HS 2012,Privatdozierende,631,23,34.9
2012,HS 2012,Lehrbeauftragte,38.6,39.3,
2012,HS 2011,Theologische Fakultät,54,27.8,42.6
2012,HS 2011,Professuren,13,15.4,53.8
2012,HS 2011,Titularprofessuren,5,0,20
2012,HS 2011,Privatdozierende,8,50,50
2012,HS 2011,Lehrbeauftragte,28,32.1,39.3
2012,HS 2011,Rechtswissenschaftliche Fakultät,170,22.9,21.8
2012,HS 2011,Professuren,43,23.3,32.6
2012,HS 2011,Titularprofessuren,25,12,4
2012,HS 2011,Privatdozierende,17,23.5,0
2012,HS 2011,Lehrbeauftragte,85,25.9,25.9
2012,HS 2011,Wirtschaftswissenschaftliche Fakultät,287,19.5,53
2012,HS 2011,Professuren,66,9.1,69.7
2012,HS 2011,Titularprofessuren,17,11.8,23.5
2012,HS 2011,Privatdozierende,27,29.6,44.4
2012,HS 2011,Lehrbeauftragte,177,22.6,50.8
2012,HS 2011,Medizinische Fakultät,24,29.6,
2012,HS 2011,Professuren,159,10.7,50.3
2012,HS 2011,Titularprofessuren,256,11.7,14.1
2012,HS 2011,Privatdozierende,369,17.9,36
2012,HS 2011,Lehrbeauftragte,967,31.7,27.9
2012,HS 2011,Vetsuisse-Fakultät,123,33.3,35.8
2012,HS 2011,Professuren,26,11.5,26.9
2012,HS 2011,Titularprofessuren,17,5.9,41.2
2012,HS 2011,Privatdozierende,30,36.7,43.3
2012,HS 2011,Lehrbeauftragte,50,52,34
2012,HS 2011,Philosophische Fakultät,45.8,42,
2012,HS 2011,Professuren,143,31.5,60.8
2012,HS 2011,Titularprofessuren,76,30.3,15.8
2012,HS 2011,Privatdozierende,107,37.4,27.1
2012,HS 2011,Lehrbeauftragte,768,51.2,43.2
2012,HS 2011,Mathematisch-naturwissenschaftliche Fakultät,489,21.5,48.1
2012,HS 2011,Professuren 3 5,98,13.3,59.2
2012,HS 2011,Titularprofessuren,36,11.1,8.3
2012,HS 2011,Privatdozierende,55,9.1,47.3
2012,HS 2011,Lehrbeauftragte,300,27.7,49.3
2012,HS 2011,Zentrale Dienste der Universität,34,70.6,26.5
2012,HS 2011,Lehrbeauftragte,34,70.6,26.5
2012,HS 2011,Total,30,37,
2012,HS 2011,Professuren 3 4 5 8,548,17.5,54.6
2012,HS 2011,Titularprofessuren,432,14.6,14.8
2012,HS 2011,Privatdozierende,613,22.5,35.4
2012,HS 2011,Lehrbeauftragte,37.5,37.3,
2011,HS 2011,Theologische Fakultät,54,27.8,42.6
2011,HS 2011,Professuren,13,15.4,53.8
2011,HS 2011,Titularprofessuren,5,,20
2011,HS 2011,Privatdozierende,8,50,50
2011,HS 2011,Lehrbeauftragte,28,32.1,39.3
2011,HS 2011,Rechtswissenschaftliche Fakultät,170,22.9,21.8
2011,HS 2011,Professuren,43,23.3,32.6
2011,HS 2011,Titularprofessuren,25,12,4
2011,HS 2011,Privatdozierende,17,23.5,
2011,HS 2011,Lehrbeauftragte,85,25.9,25.9
2011,HS 2011,Wirtschaftswissenschaftliche Fakultät,287,19.5,53
2011,HS 2011,Professuren,66,9.1,69.7
2011,HS 2011,Titularprofessuren,17,11.8,23.5
2011,HS 2011,Privatdozierende,27,29.6,44.4
2011,HS 2011,Lehrbeauftragte,177,22.6,50.8
2011,HS 2011,Medizinische Fakultät,24,29.6,
2011,HS 2011,Professuren,159,10.7,50.3
2011,HS 2011,Titularprofessuren,256,11.7,14.1
2011,HS 2011,Privatdozierende,369,17.9,36
2011,HS 2011,Lehrbeauftragte,967,31.7,27.9
2011,HS 2011,Vetsuisse-Fakultät,123,33.3,35.8
2011,HS 2011,Professuren,26,11.5,26.9
2011,HS 2011,Titularprofessuren,17,5.9,41.2
2011,HS 2011,Privatdozierende,30,36.7,43.3
2011,HS 2011,Lehrbeauftragte,50,52,34
2011,HS 2011,Philosophische Fakultät,45.8,42,
2011,HS 2011,Professuren,143,31.5,60.8
2011,HS 2011,Titularprofessuren,76,30.3,15.8
2011,HS 2011,Privatdozierende,107,37.4,27.1
2011,HS 2011,Lehrbeauftragte,768,51.2,43.2
2011,HS 2011,Mathematisch-naturwiss. Fakultät,489,21.5,48.1
2011,HS 2011,Professuren,98,13.3,59.2
2011,HS 2011,Titularprofessuren,36,11.1,8.3
2011,HS 2011,Privatdozierende,55,9.1,47.3
2011,HS 2011,Lehrbeauftragte,300,27.7,49.3
2011,HS 2011,Zentrale Dienste der Universität,34,70.6,26.5
2011,HS 2011,Lehrbeauftragte,34,70.6,26.5
2011,HS 2011,Total,30,37,
2011,HS 2011,Professuren,548,17.5,54.6
2011,HS 2011,Titularprofessuren,432,14.6,14.8
2011,HS 2011,Privatdozierende,613,22.5,35.4
2011,HS 2011,Lehrbeauftragte 4 5,37.5,37.3,
2011,HS 2011,(2010 und 2011: 1) Personen mit ausländischer Staatsangehörigkeit,7,,
2011,HS 2010,Theologische Fakultät,57,28.1,45.6
2011,HS 2010,Professuren,13,15.4,53.8
2011,HS 2010,Titularprofessuren,5,,20
2011,HS 2010,Privatdozierende,8,37.5,50
2011,HS 2010,Lehrbeauftragte,31,35.5,45.2
2011,HS 2010,Rechtswissenschaftliche Fakultät,157,23.6,17.2
2011,HS 2010,Professuren,41,19.5,31.7
2011,HS 2010,Titularprofessuren,25,12,4
2011,HS 2010,Privatdozierende,15,20,
2011,HS 2010,Lehrbeauftragte,76,30.3,17.1
2011,HS 2010,Wirtschaftswissenschaftliche Fakultät,267,18.4,52.1
2011,HS 2010,Professuren,63,9.5,68.3
2011,HS 2010,Titularprofessuren,17,11.8,23.5
2011,HS 2010,Privatdozierende,24,25,41.7
2011,HS 2010,Lehrbeauftragte,163,21.5,50.3
2011,HS 2010,Medizinische Fakultät,23.7,28.5,
2011,HS 2010,Professuren,153,9.2,48.4
2011,HS 2010,Titularprofessuren,229,11.4,14
2011,HS 2010,Privatdozierende,357,17.9,33.9
2011,HS 2010,Lehrbeauftragte,951,31.2,26.8
2011,HS 2010,Vetsuisse-Fakultät,130,32.3,35.4
2011,HS 2010,Professuren,28,10.7,21.4
2011,HS 2010,Titularprofessuren,16,12.5,37.5
2011,HS 2010,Privatdozierende,33,30.3,42.4
2011,HS 2010,Lehrbeauftragte,53,50.9,37.7
2011,HS 2010,Philosophische Fakultät,43,40.1,
2011,HS 2010,Professuren,136,30.9,59.6
2011,HS 2010,Titularprofessuren,68,32.4,16.2
2011,HS 2010,Privatdozierende,102,31.4,25.5
2011,HS 2010,Lehrbeauftragte,741,47.8,40.8
2011,HS 2010,Mathematisch-naturwiss. Fakultät,476,19.1,45.4
2011,HS 2010,Professuren,97,13.4,58.8
2011,HS 2010,Titularprofessuren,34,11.8,11.8
2011,HS 2010,Privatdozierende,49,8.2,46.9
2011,HS 2010,Lehrbeauftragte,296,23.6,44.6
2011,HS 2010,Zentrale Dienste der Universität,35,100,31.4
2011,HS 2010,Lehrbeauftragte,35,100,31.4
2011,HS 2010,Total,29,35.4,
2011,HS 2010,Professuren,531,16.6,52.9
2011,HS 2010,Titularprofessuren,394,15,15
2011,HS 2010,Privatdozierende,588,20.7,33.7
2011,HS 2010,Lehrbeauftragte 4 5,36.3,35.3,
2011,HS 2010,(2010 und 2011: 1) Personen mit ausländischer Staatsangehörigkeit,,,
2010,HS 2010,Theologische Fakultät,57,28.1,45.6
2010,HS 2010,Professuren,13,15.4,53.8
2010,HS 2010,Titularprofessuren,5,,20
2010,HS 2010,Privatdozierende,8,37.5,50
2010,HS 2010,Lehrbeauftragte,31,35.5,45.2
2010,HS 2010,Rechtswissenschaftliche Fakultät,157,23.6,17.2
2010,HS 2010,Professuren,41,19.5,31.7
2010,HS 2010,Titularprofessuren,25,12,4
2010,HS 2010,Privatdozierende,15,20,
2010,HS 2010,Lehrbeauftragte,76,30.3,17.1
2010,HS 2010,Wirtschaftswissenschaftliche Fakultät,267,18.4,52.1
2010,HS 2010,Professuren,63,9.5,68.3
2010,HS 2010,Titularprofessuren,17,11.8,23.5
2010,HS 2010,Privatdozierende,24,25,41.7
2010,HS 2010,Lehrbeauftragte,163,21.5,50.3
2010,HS 2010,Medizinische Fakultät,1690,23.7,28.5
2010,HS 2010,Professuren 3 4,153,9.2,48.4
2010,HS 2010,Titularprofessuren,229,11.4,14
2010,HS 2010,Privatdozierende,357,17.9,33.9
2010,HS 2010,Lehrbeauftragte,951,31.2,26.8
2010,HS 2010,Vetsuisse-Fakultät,130,32.3,35.4
2010,HS 2010,Professuren,28,10.7,21.4
2010,HS 2010,Titularprofessuren,16,12.5,37.5
2010,HS 2010,Privatdozierende,33,30.3,42.4
2010,HS 2010,Lehrbeauftragte,53,50.9,37.7
2010,HS 2010,Philosophische Fakultät,1047,43,40.1
2010,HS 2010,Professuren,136,30.9,59.6
2010,HS 2010,Titularprofessuren,68,32.4,16.2
2010,HS 2010,Privatdozierende,102,31.4,25.5
2010,HS 2010,Lehrbeauftragte,741,47.8,40.8
2010,HS 2010,Mathematisch-naturwiss. Fakultät,476,19.1,45.4
2010,HS 2010,Professuren 1 5,97,13.4,58.8
2010,HS 2010,Titularprofessuren,34,11.8,11.8
2010,HS 2010,Privatdozierende,49,8.2,46.9
2010,HS 2010,Lehrbeauftragte,296,23.6,44.6
2010,HS 2010,Zentrale Dienste der Universität,35,100,31.4
2010,HS 2010,Professuren,,,
2010,HS 2010,Titularprofessuren,,,
2010,HS 2010,Privatdozierende,,,
2010,HS 2010,Lehrbeauftragte,35,100,31.4
2010,HS 2010,Total,3859,29,35.4
2010,HS 2010,Professuren,531,16.6,52.9
2010,HS 2010,Titularprofessuren,394,15,15
2010,HS 2010,Privatdozierende,588,20.7,33.7
2010,HS 2010,Lehrbeauftragte 6 7,2346,36.3,35.3
2010,HS 2009,Theologische Fakultät,59,22,35.6
2010,HS 2009,Professuren,14,21.4,42.9
2010,HS 2009,Titularprofessuren,5,,20
2010,HS 2009,Privatdozierende,6,,50
2010,HS 2009,Lehrbeauftragte,34,29.4,32.4
2010,HS 2009,Rechtswissenschaftliche Fakultät,149,23.5,14.8
2010,HS 2009,Professuren,43,18.6,27.9
2010,HS 2009,Titularprofessuren,24,8.3,
2010,HS 2009,Privatdozierende,10,30,10
2010,HS 2009,Lehrbeauftragte,72,30.6,12.5
2010,HS 2009,Wirtschaftswissenschaftliche Fakultät,274,19.7,51.1
2010,HS 2009,Professuren,58,10.3,67.2
2010,HS 2009,Titularprofessuren,16,12.5,25
2010,HS 2009,Privatdozierende,26,23.1,38.5
2010,HS 2009,Lehrbeauftragte,174,23,50
2010,HS 2009,Medizinische Fakultät,1525,22.1,26.6
2010,HS 2009,Professuren 3 4,146,8.2,43.8
2010,HS 2009,Titularprofessuren,204,10.8,12.7
2010,HS 2009,Privatdozierende,345,17.1,31.9
2010,HS 2009,Lehrbeauftragte,830,29.4,24.7
2010,HS 2009,Vetsuisse-Fakultät,130,28.5,33.1
2010,HS 2009,Professuren,28,10.7,25
2010,HS 2009,Titularprofessuren,18,11.1,27.8
2010,HS 2009,Privatdozierende,30,30,43.3
2010,HS 2009,Lehrbeauftragte,54,42.6,33.3
2010,HS 2009,Philosophische Fakultät,1040,42.7,40.1
2010,HS 2009,Professuren,136,30.1,59.6
2010,HS 2009,Titularprofessuren,62,32.3,16.1
2010,HS 2009,Privatdozierende,98,29.6,21.4
2010,HS 2009,Lehrbeauftragte,744,47.6,41
2010,HS 2009,Mathematisch-naturwiss. Fakultät,467,17.6,44.8
2010,HS 2009,Professuren 1 5,95,13.7,58.9
2010,HS 2009,Titularprofessuren,33,12.1,12.1
2010,HS 2009,Privatdozierende,47,10.6,46.8
2010,HS 2009,Lehrbeauftragte,292,20.5,43.5
2010,HS 2009,Zentrale Dienste der Universität,29,72.4,24.1
2010,HS 2009,Professuren,,,
2010,HS 2009,Titularprofessuren,,,
2010,HS 2009,Privatdozierende,,,
2010,HS 2009,Lehrbeauftragte,29,72.4,24.1
2010,HS 2009,Total,3673,27.9,34.4
2010,HS 2009,Professuren,520,16.5,51
2010,HS 2009,Titularprofessuren,362,14.4,13.8
2010,HS 2009,Privatdozierende,562,19.8,32
2010,HS 2009,Lehrbeauftragte 6 7,2229,34.7,34.5